#{"t_start": 1784097344.4414651, "env_id": "None"}
r,l,t
-120.4,100,0.012726
-125.4,100,0.02257
-109.6,100,0.032594
3.1,18,0.034453
0.5,18,0.036263
-185.4,100,0.047373
-180.8,100,0.057488
-72.8,100,0.067239
-90.2,100,0.07695
-95.0,100,0.086672
-157.2,100,0.096554
-179.8,100,0.106285
-134.6,100,0.115901
-3.4,32,0.119049
-0.3,34,0.122325
-128.4,100,0.131915
-112.0,100,0.141567
0.9,22,0.143763
-128.6,100,0.153641
-78.9,86,0.162103
-2.1,26,0.164668
-43.2,100,0.174341
-3.7,26,0.176937
-79.2,100,0.186551
-122.6,100,0.196225
-15.1,42,0.200361
-31.0,64,0.452739
-8.4,44,0.457135
1.0,20,0.459118
3.0,16,0.460681
5.9,14,0.462049
-18.6,48,0.467117
3.8,16,0.4688
-7.9,38,0.472674
-40.7,66,0.479424
2.7,22,0.481919
-8.7,30,0.484925
4.1,18,0.486709
-21.1,42,0.490802
-4.6,36,0.494289
-0.1,18,0.496042
4.8,16,0.497704
-4.5,30,0.500665
4.2,16,0.502227
4.5,14,0.503599
-16.1,62,0.509612
-16.1,46,0.514116
-4.5,30,0.517034
-1.6,20,0.518986
-11.7,38,0.52268
1.9,18,0.524443
-25.2,40,0.528293
-10.4,36,0.53193
-23.1,50,0.536798
-1.1,22,0.538935
0.7,18,0.540709
3.7,14,0.542094
-2.1,30,0.545005
-46.6,56,0.550402
-1.1,18,0.552153
3.7,22,0.5543
-9.0,48,0.558914
-4.2,28,0.561627
-28.1,50,0.566647
4.2,16,0.568295
4.4,12,0.569539
-74.0,84,0.577915
-8.1,38,0.581761
7.2,8,0.582564
5.7,10,0.583552
-120.2,100,0.593171
-8.0,32,0.59633
-8.3,38,0.599968
-10.3,30,0.602859
-32.8,52,0.607825
5.0,12,0.609012
3.1,18,0.610747
-28.8,72,0.61763
4.2,12,0.618809
6.5,10,0.619784
-1.0,20,0.621715
-29.1,94,0.630684
-15.1,50,0.635485
4.9,14,0.636842
2.2,16,0.638387
-0.2,24,0.640727
5.7,10,0.641697
-76.6,100,0.651242
-3.5,22,0.900806
-0.2,20,0.902898
-0.2,16,0.904518
1.3,22,0.906733
3.0,16,0.908318
5.2,12,0.90954
2.2,16,0.911146
-16.8,48,0.915845
0.9,18,0.917643
-2.3,22,0.919832
4.8,16,0.921419
3.5,14,0.922817
2.2,16,0.92441
4.5,14,0.925817
-3.1,22,0.927982
-10.6,36,0.931499
6.2,12,0.932696
-1.1,26,0.935252
1.7,22,0.937408
5.7,10,0.938412
4.7,14,0.939945
2.5,18,0.941797
1.2,24,0.944156
4.2,16,0.945736
4.6,12,0.946924
6.4,12,0.948117
6.9,10,0.949102
5.2,12,0.950279
1.8,24,0.952593
-13.0,36,0.956046
6.5,10,0.957028
-5.3,26,0.959536
4.4,12,0.960708
0.7,22,0.962825
4.6,12,0.963989
1.1,18,0.965711
5.9,10,0.966684
-2.1,18,0.968401
6.2,12,0.969572
1.0,20,0.971487
5.7,10,0.972456
3.5,22,0.974579
3.1,14,0.975927
5.9,10,0.976897
6.1,14,0.978247
3.9,14,0.9796
1.8,24,0.981889
1.8,20,0.983807
7.2,8,0.984585
-4.3,26,0.987071
0.3,18,0.988794
4.8,12,0.989968
-11.8,36,0.993379
4.3,14,0.994729
5.7,10,0.9957
-8.2,32,0.998738
3.3,14,1.000084
7.2,8,1.000856
4.2,16,1.002457
6.1,10,1.003461
5.5,10,1.004442
3.1,14,1.005829
-4.8,28,1.008594
-14.4,36,1.012131
4.8,12,1.013315
4.4,16,1.014883
7.2,8,1.01568
-0.2,20,1.017637
-5.2,28,1.02036
4.6,12,1.021549
0.5,22,1.023708
4.0,12,1.02487
3.2,20,1.026787
-10.3,30,1.029642
4.2,12,1.030832
5.2,12,1.032295
2.7,18,1.034136
2.3,18,1.035933
6.7,10,1.036938
0.7,18,1.038711
-16.7,46,1.043208
7.2,8,1.044004
1.1,18,1.045769
2.2,20,1.047722
-11.8,40,1.051585
7.2,8,1.052383
-8.8,40,1.056272
2.7,18,1.058033
0.8,28,1.060741
2.7,22,1.062859
-30.4,48,1.067469
5.5,14,1.068829
0.8,20,1.070765
4.4,16,1.072324
1.2,20,1.074267
1.5,18,1.076016
1.5,22,1.07814
-7.1,30,1.081015
-2.6,28,1.083712
3.9,14,1.085072
4.3,14,1.086425
5.6,12,1.087594
-0.6,24,1.089939
-7.5,26,1.092472
-2.0,24,1.094774
5.3,14,1.096123
1.3,22,1.098246
-4.5,26,1.343075
5.6,12,1.344334
5.5,10,1.345339
6.5,10,1.34633
6.7,10,1.347314
3.8,16,1.348867
5.3,14,1.350236
7.2,8,1.351028
3.6,16,1.352592
6.1,14,1.353945
6.5,10,1.354923
7.2,8,1.355717
5.8,12,1.356882
3.3,18,1.358619
4.7,18,1.360351
3.9,14,1.361702
3.7,22,1.363806
7.2,8,1.364585
6.9,10,1.365557
4.5,14,1.366911
3.4,16,1.368458
6.1,10,1.369433
6.3,10,1.370404
4.2,12,1.371565
3.6,20,1.373499
3.7,14,1.374857
6.9,10,1.375834
2.5,18,1.377571
7.2,8,1.378348
7.2,8,1.37913
4.5,14,1.380482
5.6,12,1.381643
3.1,14,1.382992
-1.2,20,1.384905
4.9,14,1.38626
6.5,10,1.387238
6.4,12,1.388402
6.4,12,1.389568
4.2,16,1.391113
6.0,12,1.392284
7.2,8,1.393065
7.2,8,1.393857
6.9,10,1.39483
5.9,10,1.395798
7.2,8,1.396573
7.2,8,1.397353
3.1,18,1.39908
7.2,8,1.399859
4.2,16,1.401398
6.1,10,1.402372
3.7,14,1.403716
6.9,10,1.404678
4.0,16,1.406228
7.2,8,1.40701
6.7,10,1.407977
0.5,18,1.409696
3.2,20,1.411609
4.1,14,1.412952
0.9,26,1.415439
3.9,14,1.416783
7.2,8,1.417561
5.0,12,1.418721
4.2,16,1.420261
3.9,14,1.421612
7.2,8,1.422399
5.0,16,1.423929
7.2,8,1.424709
2.8,20,1.426619
-0.6,20,1.428535
4.2,12,1.429697
4.2,12,1.430855
6.7,10,1.431821
6.5,10,1.432793
3.4,16,1.434323
6.9,10,1.435293
3.5,18,1.437019
3.6,12,1.438177
5.7,10,1.439158
1.9,14,1.440501
6.1,10,1.441471
5.2,12,1.442631
0.8,20,1.444546
3.6,12,1.445704
5.9,10,1.446671
6.1,10,1.447632
3.3,14,1.448975
5.5,10,1.449945
2.6,16,1.451478
3.7,18,1.4532
4.5,14,1.454538
6.1,14,1.455887
7.2,8,1.456663
7.2,8,1.457443
4.6,12,1.4586
7.2,8,1.45938
3.3,22,1.461481
4.7,14,1.462824
4.9,18,1.464539
4.7,14,1.465884
6.9,10,1.466849
6.9,10,1.467811
7.2,8,1.468588
5.5,14,1.469923
0.5,26,1.472408
6.0,12,1.473563
5.9,10,1.474523
4.3,14,1.475857
7.2,8,1.476634
6.1,14,1.477982
5.7,10,1.47895
6.5,10,1.479909
5.6,12,1.48107
7.2,8,1.481852
7.2,8,1.482632
5.7,10,1.483602
7.2,8,1.484377
7.2,8,1.485149
5.2,16,1.486681
5.0,12,1.487841
6.9,10,1.488815
7.2,8,1.489599
6.5,10,1.490565
2.8,20,1.492478
3.6,12,1.493629
5.9,10,1.494593
4.0,12,1.495749
7.2,8,1.496525
6.5,10,1.497489
4.7,14,1.498831
1.8,16,1.50036
5.2,12,1.501505
5.8,12,1.502655
5.7,14,1.504
7.2,8,1.504774
4.1,14,1.506124
3.9,18,1.50784
7.2,8,1.508615
6.1,10,1.50958
3.9,14,1.510921
2.0,16,1.512455
5.3,18,1.514178
7.2,8,1.514959
4.6,12,1.516113
7.2,8,1.516885
5.0,16,1.518413
6.9,10,1.519369
0.8,20,1.52128
7.2,8,1.522055
7.2,8,1.522843
6.9,10,1.523807
6.3,10,1.524773
3.2,16,1.526304
5.4,16,1.527836
5.5,10,1.5288
3.3,14,1.530138
4.9,14,1.531484
7.2,8,1.53226
6.7,10,1.533221
1.6,16,1.53475
0.9,18,1.536464
2.6,20,1.538388
2.8,24,1.780051
7.2,8,1.780884
6.5,10,1.781885
6.9,10,1.782883
7.2,8,1.783685
7.2,8,1.784479
6.6,12,1.785656
7.2,8,1.78644
7.2,8,1.78723
7.2,8,1.788018
6.7,10,1.789014
6.2,12,1.79018
6.5,10,1.791155
7.2,8,1.791939
5.4,12,1.7931
7.2,8,1.793877
6.9,10,1.79485
5.8,12,1.796009
6.2,12,1.797172
5.7,10,1.798141
6.7,10,1.799112
7.2,8,1.799894
6.9,10,1.800864
5.5,18,1.802593
6.0,12,1.803748
7.2,8,1.804532
6.7,10,1.805514
5.6,12,1.806701
7.2,8,1.807486
6.1,10,1.808462
7.2,8,1.809242
7.2,8,1.810022
3.3,18,1.811753
6.3,10,1.812716
7.2,8,1.8135
5.8,12,1.814665
6.1,10,1.815635
6.0,12,1.816795
7.2,8,1.817576
6.5,10,1.818549
6.9,10,1.819521
6.9,10,1.820492
7.2,8,1.821267
6.3,10,1.822241
6.7,10,1.82322
6.9,10,1.824195
7.2,8,1.82498
5.2,12,1.826145
6.5,10,1.827113
5.6,16,1.828646
7.2,8,1.829418
7.2,8,1.830201
7.2,8,1.830981
6.3,10,1.831951
7.2,8,1.832724
4.8,16,1.83426
7.2,8,1.835041
7.2,8,1.835822
6.1,10,1.836792
7.2,8,1.837571
7.2,8,1.838351
7.2,8,1.839141
7.2,8,1.83992
7.2,8,1.840698
6.1,10,1.841668
7.2,8,1.842448
7.2,8,1.843226
7.2,8,1.84401
6.9,10,1.84498
7.2,8,1.845752
7.2,8,1.846531
6.3,10,1.847501
6.7,10,1.848471
4.7,14,1.849819
6.6,12,1.850975
6.9,10,1.851946
5.9,10,1.852909
5.7,14,1.854258
5.6,12,1.855419
5.4,12,1.856588
7.2,8,1.857365
6.5,10,1.858334
6.3,10,1.859303
6.0,12,1.860452
6.0,12,1.861608
7.2,8,1.862401
5.5,14,1.863751
5.6,12,1.864909
7.2,8,1.86568
7.2,8,1.866463
6.9,10,1.867429
7.2,8,1.868211
6.7,10,1.869183
7.2,8,1.869963
6.9,10,1.870936
7.2,8,1.871715
6.3,10,1.872692
6.4,12,1.873858
6.7,10,1.87483
7.2,8,1.875603
7.2,8,1.87638
6.0,12,1.877536
7.2,8,1.878316
6.5,10,1.879287
7.2,8,1.880064
5.2,12,1.881228
5.6,12,1.882385
6.5,10,1.883358
6.7,10,1.884328
7.2,8,1.885104
6.6,12,1.886265
7.2,8,1.887038
7.2,8,1.887817
4.9,14,1.889173
6.7,10,1.89014
7.2,8,1.890917
6.9,10,1.891885
5.7,10,1.89285
6.7,10,1.893813
6.5,10,1.89478
6.5,10,1.895746
7.2,8,1.896523
4.9,14,1.897879
7.2,8,1.898654
6.7,10,1.899626
6.9,10,1.900592
7.2,8,1.901371
7.2,8,1.902147
4.4,16,1.903687
6.5,10,1.904659
6.7,10,1.905629
7.2,8,1.906408
6.7,10,1.907371
6.3,10,1.908337
6.5,10,1.909308
5.9,14,1.910652
6.5,10,1.911619
6.5,10,1.912582
6.5,10,1.913542
4.7,14,1.914889
6.5,10,1.915856
7.2,8,1.916634
6.3,10,1.917603
7.2,8,1.91838
6.5,10,1.919354
6.3,10,1.92032
7.2,8,1.921095
6.3,10,1.92207
6.7,10,1.923042
5.2,16,1.924572
7.2,8,1.925349
6.9,10,1.926316
7.2,8,1.92709
6.7,10,1.928059
7.2,8,1.928843
6.3,10,1.92981
6.4,12,1.930962
7.2,8,1.931736
6.5,10,1.932702
7.2,8,1.933483
5.8,12,1.934642
6.7,10,1.935608
6.9,10,1.93657
7.2,8,1.937347
5.0,16,1.938881
6.5,10,1.939873
7.2,8,1.940653
5.6,12,1.94181
5.2,12,1.942967
5.7,10,1.943933
5.7,14,1.945269
5.6,12,1.946422
7.2,8,1.947209
6.3,10,1.948179
7.2,8,1.948954
6.3,10,1.949922
7.2,8,1.950702
7.2,8,1.951478
6.0,12,1.952641
7.2,8,1.953415
7.2,8,1.954188
7.2,8,1.954962
6.4,12,1.956129
6.9,10,1.957095
7.2,8,1.957877
5.3,14,1.959227
7.2,8,1.960006
7.2,8,1.960784
7.2,8,1.961566
6.9,10,1.962535
4.1,14,1.96388
6.3,10,1.964847
6.5,10,1.965816
5.7,14,1.967166
6.9,10,1.968135
5.3,14,1.969482
6.3,10,1.970455
5.3,14,1.971802
7.2,8,1.972589
7.2,8,1.973368
6.0,12,1.974528
7.2,8,1.975313
7.2,8,1.976095
7.2,8,1.976873
7.2,8,1.977652
5.3,14,2.218699
6.5,10,2.219731
6.5,10,2.220729
7.2,8,2.221525
7.2,8,2.222325
5.8,12,2.223509
7.2,8,2.224305
6.9,10,2.225294
6.9,10,2.226282
7.2,8,2.227078
6.0,12,2.228252
7.2,8,2.229036
7.2,8,2.22982
7.2,8,2.230608
7.2,8,2.231393
7.2,8,2.23218
7.2,8,2.232963
7.2,8,2.23375
7.2,8,2.23453
6.7,10,2.235506
6.1,10,2.23648
7.2,8,2.237264
6.7,10,2.238242
6.1,10,2.239212
7.2,8,2.239993
7.2,8,2.240777
6.7,10,2.241752
5.2,16,2.243302
4.3,18,2.245034
5.3,14,2.246383
7.2,8,2.247169
6.6,12,2.248336
5.5,14,2.249685
4.3,18,2.251416
6.9,10,2.252389
6.5,10,2.253361
6.9,10,2.254331
7.2,8,2.255109
6.2,12,2.256311
7.2,8,2.257094
6.0,12,2.258256
5.7,10,2.259232
7.2,8,2.260016
6.9,10,2.260987
7.2,8,2.261772
7.2,8,2.26255
5.2,16,2.264094
7.2,8,2.264892
6.5,10,2.265865
7.2,8,2.266645
7.2,8,2.267425
7.2,8,2.268203
7.2,8,2.268986
7.2,8,2.269768
6.3,10,2.270743
5.8,12,2.271905
7.2,8,2.272717
7.2,8,2.273497
7.2,8,2.274275
5.8,12,2.275439
7.2,8,2.276218
7.2,8,2.276989
7.2,8,2.277769
5.5,14,2.279118
6.0,12,2.280285
7.2,8,2.281064
7.2,8,2.281844
6.7,10,2.282818
7.2,8,2.283601
7.2,8,2.284388
7.2,8,2.285167
7.2,8,2.285944
7.2,8,2.28673
7.2,8,2.287512
6.5,10,2.288481
6.7,10,2.289487
6.7,10,2.290473
6.4,12,2.291642
7.2,8,2.292421
6.7,10,2.293392
5.1,14,2.294742
6.2,12,2.295907
7.2,8,2.296688
7.2,8,2.297468
7.2,8,2.298249
6.7,10,2.299221
6.5,10,2.300189
5.5,14,2.301541
6.7,10,2.30251
6.4,12,2.303674
7.2,8,2.304457
6.7,10,2.305435
7.2,8,2.306233
6.3,10,2.307209
7.2,8,2.307994
6.6,12,2.30916
7.2,8,2.309942
4.1,18,2.311675
6.4,12,2.312849
6.3,10,2.313817
7.2,8,2.314594
6.3,10,2.315562
5.8,12,2.316718
7.2,8,2.317496
5.8,12,2.318651
7.2,8,2.319436
7.2,8,2.320215
7.2,8,2.320997
7.2,8,2.321778
6.7,10,2.322761
6.0,12,2.323922
7.2,8,2.3247
7.2,8,2.325483
6.7,10,2.326463
7.2,8,2.327248
6.5,10,2.32822
7.2,8,2.329004
5.4,12,2.330165
5.5,14,2.331521
7.2,8,2.332301
5.3,14,2.333657
7.2,8,2.334433
7.2,8,2.335212
7.2,8,2.335995
6.3,10,2.336966
6.5,10,2.337938
4.7,18,2.339685
7.2,8,2.340479
6.5,10,2.341451
7.2,8,2.342237
6.5,10,2.343209
7.2,8,2.34399
6.9,10,2.344958
6.7,10,2.345925
7.2,8,2.346703
6.5,10,2.347676
6.1,10,2.348655
6.3,10,2.349642
7.2,8,2.350423
7.2,8,2.351209
6.5,10,2.352181
7.2,8,2.352966
6.9,10,2.353939
5.9,14,2.355297
7.2,8,2.356085
7.2,8,2.356867
7.2,8,2.357651
6.4,12,2.358812
6.4,12,2.359977
7.2,8,2.360762
7.2,8,2.361539
7.2,8,2.362316
7.2,8,2.363092
7.2,8,2.363872
6.1,10,2.364842
6.7,10,2.365816
6.5,10,2.366784
7.2,8,2.367567
7.2,8,2.368346
6.2,12,2.369503
5.8,12,2.370663
7.2,8,2.371445
6.7,10,2.372425
6.4,12,2.373585
7.2,8,2.374361
6.7,10,2.375334
6.3,10,2.376312
6.1,10,2.377283
7.2,8,2.378062
6.9,10,2.379036
6.9,10,2.380005
7.2,8,2.380782
7.2,8,2.381566
7.2,8,2.382346
7.2,8,2.383124
6.0,12,2.384289
7.2,8,2.38507
7.2,8,2.385859
7.2,8,2.38664
7.2,8,2.387418
7.2,8,2.388207
6.6,12,2.389376
7.2,8,2.390154
7.2,8,2.390935
5.2,12,2.392094
6.0,12,2.393257
6.9,10,2.394227
7.2,8,2.395001
7.2,8,2.39578
6.9,10,2.396748
7.2,8,2.397528
7.2,8,2.398306
6.1,10,2.399277
5.6,12,2.400436
7.2,8,2.401216
6.3,10,2.402188
7.2,8,2.402998
7.2,8,2.403808
6.2,12,2.40499
6.5,10,2.405989
7.2,8,2.406794
6.2,12,2.407983
7.2,8,2.40876
5.9,14,2.410114
6.9,10,2.411089
7.2,8,2.411874
7.2,8,2.412654
7.2,8,2.413446
7.2,8,2.414224
5.4,12,2.415385
7.2,8,2.416181
7.2,8,2.416963
7.2,8,2.65722
7.2,8,2.658089
7.2,8,2.658907
7.2,8,2.659712
7.2,8,2.660511
7.2,8,2.661309
7.2,8,2.662097
7.2,8,2.662889
7.2,8,2.663677
7.2,8,2.664469
7.2,8,2.665261
7.2,8,2.666047
7.2,8,2.666855
7.2,8,2.667641
7.2,8,2.668433
7.2,8,2.669216
7.2,8,2.670003
7.2,8,2.670788
7.2,8,2.671573
7.2,8,2.672354
7.2,8,2.673131
7.2,8,2.673908
7.2,8,2.674684
7.2,8,2.675469
7.2,8,2.676257
7.2,8,2.677042
6.7,10,2.678015
7.2,8,2.678793
7.2,8,2.679573
7.2,8,2.680356
7.2,8,2.68113
7.2,8,2.68191
7.2,8,2.682694
7.2,8,2.683476
7.2,8,2.684259
7.2,8,2.685043
7.2,8,2.685829
7.2,8,2.686617
7.2,8,2.687393
7.2,8,2.688174
7.2,8,2.688951
7.2,8,2.689737
7.2,8,2.690521
7.2,8,2.691304
7.2,8,2.692086
7.2,8,2.692872
7.2,8,2.693654
7.2,8,2.694432
7.2,8,2.695215
7.2,8,2.695994
6.9,10,2.696968
6.9,10,2.697944
7.2,8,2.698717
7.2,8,2.699497
7.2,8,2.70028
7.2,8,2.70106
7.2,8,2.701841
7.2,8,2.702627
7.2,8,2.70341
7.2,8,2.704193
7.2,8,2.704969
7.2,8,2.705754
6.9,10,2.706726
7.2,8,2.707513
7.2,8,2.70829
7.2,8,2.709067
7.2,8,2.709846
7.2,8,2.710622
7.2,8,2.711396
7.2,8,2.712173
7.2,8,2.71295
7.2,8,2.71373
7.2,8,2.714507
7.2,8,2.715285
7.2,8,2.716072
7.2,8,2.716852
7.2,8,2.717633
7.2,8,2.718413
7.2,8,2.719192
7.2,8,2.719969
7.2,8,2.720746
7.2,8,2.72152
7.2,8,2.722296
7.2,8,2.723076
7.2,8,2.723856
7.2,8,2.724635
7.2,8,2.725416
7.2,8,2.726198
7.2,8,2.726984
7.2,8,2.727761
7.2,8,2.728531
7.2,8,2.729312
7.2,8,2.730087
7.2,8,2.730866
7.2,8,2.731645
7.2,8,2.732423
7.2,8,2.733203
7.2,8,2.733981
6.9,10,2.734951
7.2,8,2.735726
7.2,8,2.736503
7.2,8,2.737284
7.2,8,2.738058
7.2,8,2.738839
7.2,8,2.739619
7.2,8,2.7404
7.2,8,2.741179
7.2,8,2.741956
7.2,8,2.742751
7.2,8,2.74353
7.2,8,2.74431
7.2,8,2.745087
7.2,8,2.74586
7.2,8,2.746643
7.2,8,2.747419
6.3,10,2.748387
7.2,8,2.74917
7.2,8,2.749954
7.2,8,2.750742
7.2,8,2.751527
7.2,8,2.752307
6.9,10,2.753272
7.2,8,2.754052
7.2,8,2.754831
7.2,8,2.75561
7.2,8,2.756388
7.2,8,2.757169
7.2,8,2.757953
7.2,8,2.758733
7.2,8,2.759515
7.2,8,2.76029
6.9,10,2.761256
7.2,8,2.762047
7.2,8,2.762818
7.2,8,2.763593
7.2,8,2.764374
7.2,8,2.765157
7.2,8,2.765943
7.2,8,2.76673
7.2,8,2.767507
7.2,8,2.768287
7.2,8,2.769068
7.2,8,2.769846
7.2,8,2.77063
7.2,8,2.771412
7.2,8,2.77219
7.2,8,2.773004
7.2,8,2.773787
7.2,8,2.774567
7.2,8,2.775346
7.2,8,2.776124
7.2,8,2.776905
7.2,8,2.777681
7.2,8,2.778458
7.2,8,2.77924
7.2,8,2.780018
7.2,8,2.780793
7.2,8,2.781567
7.2,8,2.782346
7.2,8,2.783126
7.2,8,2.783908
7.2,8,2.784688
7.2,8,2.785467
7.2,8,2.786249
7.2,8,2.787033
7.2,8,2.787813
7.2,8,2.788584
7.2,8,2.789379
7.2,8,2.790151
7.2,8,2.790926
7.2,8,2.791703
7.2,8,2.792485
7.2,8,2.793261
7.2,8,2.794036
7.2,8,2.794809
7.2,8,2.795589
7.2,8,2.796361
7.2,8,2.797142
7.2,8,2.797918
7.2,8,2.798693
6.0,12,2.799854
7.2,8,2.800628
7.2,8,2.801404
7.2,8,2.802181
6.9,10,2.803148
7.2,8,2.803918
7.2,8,2.804691
6.9,10,2.805665
7.2,8,2.80645
7.2,8,2.807227
7.2,8,2.808007
7.2,8,2.808781
7.2,8,2.809556
7.2,8,2.810329
7.2,8,2.811105
7.2,8,2.811879
7.2,8,2.812659
7.2,8,2.813438
7.2,8,2.814219
7.2,8,2.814993
7.2,8,2.815773
7.2,8,2.816546
7.2,8,2.81732
7.2,8,2.818094
7.2,8,2.818873
7.2,8,2.819651
7.2,8,2.820425
7.2,8,2.821193
7.2,8,2.821974
7.2,8,2.822772
7.2,8,2.823549
7.2,8,2.824324
7.2,8,2.825104
7.2,8,2.825886
7.2,8,2.826667
7.2,8,2.827448
7.2,8,2.828229
7.2,8,2.829001
7.2,8,2.829778
7.2,8,2.830555
7.2,8,2.831332
7.2,8,2.832107
7.2,8,2.832884
7.2,8,2.83366
7.2,8,2.834435
7.2,8,2.835212
7.2,8,2.835984
7.2,8,2.836765
6.5,10,2.837724
7.2,8,2.838495
7.2,8,2.839274
7.2,8,2.840051
7.2,8,2.840823
7.2,8,2.8416
7.2,8,2.842379
7.2,8,2.843159
7.2,8,2.843937
7.2,8,2.844715
7.2,8,2.845496
7.2,8,2.846282
7.2,8,2.84706
7.2,8,2.847842
7.2,8,2.848623
7.2,8,2.849396
7.2,8,2.850171
7.2,8,2.850953
7.2,8,2.851757
7.2,8,2.852535
7.2,8,2.853312
7.2,8,2.854087
7.2,8,2.854872
7.2,8,2.855655
7.2,8,2.856433
7.2,8,3.104938
7.2,8,3.105939
7.2,8,3.106884
7.2,8,3.107754
7.2,8,3.108613
7.2,8,3.109461
7.2,8,3.110309
7.2,8,3.11115
7.2,8,3.111985
6.5,10,3.113026
7.2,8,3.113873
7.2,8,3.114728
7.2,8,3.11556
7.2,8,3.11639
6.7,10,3.117416
7.2,8,3.118247
7.2,8,3.119079
7.2,8,3.119907
7.2,8,3.120735
7.2,8,3.12156
7.2,8,3.122449
7.2,8,3.123285
7.2,8,3.124096
7.2,8,3.124909
7.2,8,3.125713
7.2,8,3.126505
7.2,8,3.127302
7.2,8,3.128096
7.2,8,3.128887
7.2,8,3.129694
7.2,8,3.130498
7.2,8,3.131295
7.2,8,3.132087
7.2,8,3.132875
7.2,8,3.133672
7.2,8,3.13446
7.2,8,3.13524
7.2,8,3.136028
7.2,8,3.136813
7.2,8,3.137613
7.2,8,3.138399
7.2,8,3.139244
7.2,8,3.140101
7.2,8,3.140935
7.2,8,3.141767
7.2,8,3.142598
7.2,8,3.143424
7.2,8,3.144251
7.2,8,3.14509
7.2,8,3.145944
7.2,8,3.146769
7.2,8,3.147604
7.2,8,3.14843
7.2,8,3.149251
7.2,8,3.150072
7.2,8,3.150884
7.2,8,3.151697
7.2,8,3.152516
7.2,8,3.153354
7.2,8,3.154191
7.2,8,3.15501
7.2,8,3.155844
7.2,8,3.156665
7.2,8,3.157484
7.2,8,3.158303
7.2,8,3.159126
7.2,8,3.159947
7.2,8,3.160768
7.2,8,3.161588
7.2,8,3.162407
7.2,8,3.16322
7.2,8,3.164048
6.9,10,3.165061
7.2,8,3.165874
7.2,8,3.166689
7.2,8,3.167514
7.2,8,3.168332
7.2,8,3.169151
7.2,8,3.169968
7.2,8,3.170786
7.2,8,3.171603
7.2,8,3.172454
7.2,8,3.173264
7.2,8,3.174062
7.2,8,3.174855
7.2,8,3.175649
6.5,10,3.176633
7.2,8,3.177425
7.2,8,3.178213
6.7,10,3.179194
7.2,8,3.179988
7.2,8,3.180775
7.2,8,3.181565
7.2,8,3.182357
7.2,8,3.183145
7.2,8,3.183932
7.2,8,3.184714
7.2,8,3.1855
7.2,8,3.186286
7.2,8,3.187072
7.2,8,3.187855
7.2,8,3.188642
7.2,8,3.189437
7.2,8,3.190224
7.2,8,3.191008
7.2,8,3.19179
7.2,8,3.192572
7.2,8,3.19335
7.2,8,3.19413
7.2,8,3.194915
7.2,8,3.195696
7.2,8,3.196485
7.2,8,3.197266
7.2,8,3.198053
7.2,8,3.198842
7.2,8,3.199627
7.2,8,3.200415
7.2,8,3.201199
7.2,8,3.201982
7.2,8,3.202767
7.2,8,3.20355
7.2,8,3.204335
7.2,8,3.205112
7.2,8,3.205901
7.2,8,3.206681
7.2,8,3.207466
7.2,8,3.208252
7.2,8,3.209036
7.2,8,3.209823
7.2,8,3.210611
7.2,8,3.211396
7.2,8,3.212181
7.2,8,3.212965
7.2,8,3.213749
7.2,8,3.214531
7.2,8,3.215311
7.2,8,3.216093
7.2,8,3.216873
7.2,8,3.217653
7.2,8,3.218434
7.2,8,3.219218
6.9,10,3.220198
7.2,8,3.220985
7.2,8,3.221774
7.2,8,3.22268
7.2,8,3.223563
7.2,8,3.224404
7.2,8,3.225228
7.2,8,3.226045
7.2,8,3.226857
7.2,8,3.227664
6.7,10,3.228667
7.2,8,3.229472
7.2,8,3.230272
7.2,8,3.231072
7.2,8,3.231868
7.2,8,3.232669
7.2,8,3.233464
7.2,8,3.234267
7.2,8,3.23506
7.2,8,3.235854
7.2,8,3.236653
7.2,8,3.237446
7.2,8,3.238243
7.2,8,3.239049
7.2,8,3.23984
7.2,8,3.240636
7.2,8,3.241441
7.2,8,3.242235
7.2,8,3.243031
7.2,8,3.24382
7.2,8,3.244611
7.2,8,3.2454
7.2,8,3.24619
7.2,8,3.246977
6.9,10,3.247963
7.2,8,3.248753
7.2,8,3.249545
7.2,8,3.25034
7.2,8,3.251136
7.2,8,3.251927
7.2,8,3.252717
7.2,8,3.253508
7.2,8,3.254298
7.2,8,3.255089
7.2,8,3.255922
7.2,8,3.256751
7.2,8,3.257572
7.2,8,3.258388
7.2,8,3.259206
7.2,8,3.26002
7.2,8,3.260836
7.2,8,3.261653
7.2,8,3.262469
7.2,8,3.263291
7.2,8,3.264114
7.2,8,3.264928
7.2,8,3.265749
7.2,8,3.266562
7.2,8,3.267382
7.2,8,3.268204
7.2,8,3.269024
7.2,8,3.269838
6.9,10,3.270868
7.2,8,3.271684
6.7,10,3.272763
7.2,8,3.273559
7.2,8,3.274355
7.2,8,3.27515
7.2,8,3.275947
7.2,8,3.276738
7.2,8,3.277528
7.2,8,3.27832
7.2,8,3.27911
7.2,8,3.279906
7.2,8,3.280692
6.7,10,3.281672
7.2,8,3.282463
7.2,8,3.28326
7.2,8,3.284052
7.2,8,3.284842
7.2,8,3.28563
7.2,8,3.286415
7.2,8,3.287199
7.2,8,3.287988
7.2,8,3.288778
7.2,8,3.289583
7.2,8,3.290376
7.2,8,3.291166
7.2,8,3.291953
7.2,8,3.292747
7.2,8,3.293535
7.2,8,3.294318
7.2,8,3.295104
7.2,8,3.29589
7.2,8,3.296676
7.2,8,3.297461
7.2,8,3.298246
7.2,8,3.299031
7.2,8,3.299813
6.7,10,3.300792
7.2,8,3.301573
7.2,8,3.302364
7.2,8,3.30315
7.2,8,3.303933
7.2,8,3.304719
7.2,8,3.305509
7.2,8,3.306451
7.2,8,3.307294
7.2,8,3.308111
7.2,8,3.308924
7.2,8,3.309729
7.2,8,3.310528
7.2,8,3.556735
7.2,8,3.557642
7.2,8,3.558496
6.7,10,3.559563
7.2,8,3.560405
7.2,8,3.561246
7.2,8,3.562078
7.2,8,3.562907
7.2,8,3.563742
7.2,8,3.564589
7.2,8,3.565413
7.2,8,3.566243
7.2,8,3.567073
7.2,8,3.567907
7.2,8,3.568735
7.2,8,3.569558
7.2,8,3.570381
7.2,8,3.571203
7.2,8,3.572023
7.2,8,3.572859
7.2,8,3.573681
7.2,8,3.574502
7.2,8,3.57535
6.1,10,3.576377
7.2,8,3.577199
7.2,8,3.578017
7.2,8,3.578838
7.2,8,3.579665
7.2,8,3.580556
7.2,8,3.581478
7.2,8,3.582317
7.2,8,3.583154
7.2,8,3.583969
6.9,10,3.584974
6.5,10,3.585978
7.2,8,3.586779
7.2,8,3.587582
7.2,8,3.588382
7.2,8,3.589278
7.2,8,3.590139
7.2,8,3.590965
6.3,10,3.591973
7.2,8,3.592771
7.2,8,3.593571
7.2,8,3.594365
7.2,8,3.595161
7.2,8,3.595957
7.2,8,3.596755
7.2,8,3.597551
7.2,8,3.598343
7.2,8,3.599132
7.2,8,3.599918
7.2,8,3.600709
7.2,8,3.601498
7.2,8,3.602289
7.2,8,3.603078
7.2,8,3.603865
7.2,8,3.60466
7.2,8,3.60545
7.2,8,3.60626
7.2,8,3.607048
7.2,8,3.607837
7.2,8,3.608628
7.2,8,3.609417
7.2,8,3.610205
7.2,8,3.610996
7.2,8,3.611784
7.2,8,3.612571
7.2,8,3.61336
7.2,8,3.614141
7.2,8,3.614928
7.2,8,3.615711
7.2,8,3.616495
7.2,8,3.617286
7.2,8,3.618069
7.2,8,3.618856
7.2,8,3.619641
7.2,8,3.620428
7.2,8,3.621221
7.2,8,3.622007
7.2,8,3.62285
7.2,8,3.623734
7.2,8,3.624577
6.9,10,3.62563
6.5,10,3.626629
7.2,8,3.62743
7.2,8,3.628227
7.2,8,3.629026
7.2,8,3.629818
7.2,8,3.630609
7.2,8,3.631402
7.2,8,3.632195
7.2,8,3.632989
7.2,8,3.633776
7.2,8,3.634566
7.2,8,3.63536
7.2,8,3.636145
7.2,8,3.636936
7.2,8,3.637723
7.2,8,3.638519
7.2,8,3.639332
7.2,8,3.640119
7.2,8,3.640903
7.2,8,3.641686
7.2,8,3.642474
7.2,8,3.643263
7.2,8,3.644057
7.2,8,3.644848
7.2,8,3.645634
7.2,8,3.646419
7.2,8,3.647229
7.2,8,3.648016
7.2,8,3.6488
7.2,8,3.649582
7.2,8,3.650368
7.2,8,3.651153
7.2,8,3.651934
7.2,8,3.65272
7.2,8,3.653506
7.2,8,3.654291
7.2,8,3.655099
7.2,8,3.655907
7.2,8,3.656694
7.2,8,3.657483
7.2,8,3.658267
7.2,8,3.659055
7.2,8,3.659839
7.2,8,3.660623
7.2,8,3.661407
7.2,8,3.662194
7.2,8,3.663001
7.2,8,3.663798
7.2,8,3.66459
7.2,8,3.66538
7.2,8,3.666167
7.2,8,3.666952
7.2,8,3.66774
7.2,8,3.668529
7.2,8,3.669311
7.2,8,3.670097
7.2,8,3.6709
7.2,8,3.671691
7.2,8,3.672498
7.2,8,3.673283
7.2,8,3.674073
7.2,8,3.674857
7.2,8,3.675647
7.2,8,3.676429
7.2,8,3.67721
7.2,8,3.677988
7.2,8,3.678792
7.2,8,3.679575
7.2,8,3.680369
7.2,8,3.681155
7.2,8,3.681936
7.2,8,3.682726
7.2,8,3.683516
7.2,8,3.684305
7.2,8,3.685094
7.2,8,3.685877
7.2,8,3.686674
7.2,8,3.687457
7.2,8,3.688239
7.2,8,3.689064
7.2,8,3.689928
7.2,8,3.690753
7.2,8,3.691571
6.5,10,3.692603
7.2,8,3.693425
7.2,8,3.694249
7.2,8,3.695085
7.2,8,3.69591
7.2,8,3.696739
7.2,8,3.69757
7.2,8,3.698397
7.2,8,3.699215
7.2,8,3.700037
7.2,8,3.700857
7.2,8,3.701679
7.2,8,3.702518
7.2,8,3.703338
7.2,8,3.704155
7.2,8,3.704973
7.2,8,3.705799
7.2,8,3.706623
7.2,8,3.707435
7.2,8,3.708259
7.2,8,3.709071
7.2,8,3.70989
7.2,8,3.710705
7.2,8,3.711525
7.2,8,3.712347
7.2,8,3.713172
7.2,8,3.713999
7.2,8,3.714818
7.2,8,3.715636
7.2,8,3.716454
7.2,8,3.717276
7.2,8,3.718098
6.7,10,3.719137
7.2,8,3.719956
6.9,10,3.720971
7.2,8,3.721783
7.2,8,3.722645
7.2,8,3.723455
7.2,8,3.72426
7.2,8,3.725059
7.2,8,3.725852
7.2,8,3.726647
7.2,8,3.727437
7.2,8,3.728229
7.2,8,3.729021
7.2,8,3.729802
7.2,8,3.7306
7.2,8,3.731389
7.2,8,3.732175
7.2,8,3.732966
7.2,8,3.733753
7.2,8,3.734545
7.2,8,3.735333
7.2,8,3.736117
7.2,8,3.736905
7.2,8,3.737689
7.2,8,3.738471
7.2,8,3.739272
7.2,8,3.740057
7.2,8,3.740842
7.2,8,3.741628
7.2,8,3.74242
7.2,8,3.743204
7.2,8,3.743994
7.2,8,3.744778
7.2,8,3.745561
7.2,8,3.746349
7.2,8,3.747137
7.2,8,3.747936
7.2,8,3.748721
7.2,8,3.749506
7.2,8,3.75029
7.2,8,3.751075
7.2,8,3.751856
7.2,8,3.752647
7.2,8,3.753437
7.2,8,3.754218
7.2,8,3.755003
7.2,8,3.755832
7.2,8,3.756652
7.2,8,3.757466
7.2,8,3.758279
7.2,8,3.759096
7.2,8,3.759925
7.2,8,3.760744
7.2,8,3.761564
7.2,8,4.010305
7.2,8,4.011193
7.2,8,4.012014
7.2,8,4.01283
7.2,8,4.013654
7.2,8,4.014459
7.2,8,4.015265
7.2,8,4.016072
7.2,8,4.01688
7.2,8,4.017677
7.2,8,4.018469
7.2,8,4.019269
7.2,8,4.020065
7.2,8,4.020877
7.2,8,4.021669
7.2,8,4.022571
7.2,8,4.023542
7.2,8,4.024572
7.2,8,4.025449
7.2,8,4.026307
7.2,8,4.027158
7.2,8,4.028006
7.2,8,4.02886
7.2,8,4.029694
7.2,8,4.030531
7.2,8,4.031363
7.2,8,4.032191
7.2,8,4.033039
7.2,8,4.033862
7.2,8,4.034691
7.2,8,4.035516
7.2,8,4.036343
7.2,8,4.037185
7.2,8,4.038013
7.2,8,4.038838
7.2,8,4.039778
7.2,8,4.040617
7.2,8,4.041437
7.2,8,4.042245
7.2,8,4.043059
7.2,8,4.04387
7.2,8,4.044692
7.2,8,4.045489
7.2,8,4.046286
7.2,8,4.047088
7.2,8,4.04788
6.7,10,4.048882
7.2,8,4.04968
7.2,8,4.050476
7.2,8,4.051266
7.2,8,4.052057
7.2,8,4.052868
7.2,8,4.053662
7.2,8,4.05446
7.2,8,4.055256
7.2,8,4.056072
7.2,8,4.056888
7.2,8,4.057896
7.2,8,4.058763
7.2,8,4.059593
7.2,8,4.060428
7.2,8,4.061253
7.2,8,4.062067
7.2,8,4.062878
7.2,8,4.063698
7.2,8,4.064524
7.2,8,4.065328
7.2,8,4.066161
7.2,8,4.066974
7.2,8,4.067784
7.2,8,4.068605
7.2,8,4.069405
7.2,8,4.070214
7.2,8,4.071022
7.2,8,4.071831
7.2,8,4.072723
7.2,8,4.073538
7.2,8,4.074362
7.2,8,4.075156
7.2,8,4.075961
7.2,8,4.076765
7.2,8,4.077561
7.2,8,4.078351
7.2,8,4.079143
7.2,8,4.079939
7.2,8,4.080748
7.2,8,4.081543
6.9,10,4.082529
7.2,8,4.083319
7.2,8,4.084107
7.2,8,4.084896
7.2,8,4.085683
7.2,8,4.086473
7.2,8,4.087256
7.2,8,4.08805
7.2,8,4.088842
7.2,8,4.089649
7.2,8,4.090439
7.2,8,4.091235
7.2,8,4.092035
7.2,8,4.092821
7.2,8,4.093604
7.2,8,4.094394
7.2,8,4.095178
7.2,8,4.095964
7.2,8,4.096758
7.2,8,4.097546
7.2,8,4.098335
7.2,8,4.099128
7.2,8,4.099915
7.2,8,4.100703
7.2,8,4.10149
7.2,8,4.102278
7.2,8,4.103066
7.2,8,4.103852
7.2,8,4.104642
7.2,8,4.105431
7.2,8,4.10624
7.2,8,4.107029
7.2,8,4.107814
7.2,8,4.108604
7.2,8,4.10939
7.2,8,4.110175
7.2,8,4.110963
7.2,8,4.111748
7.2,8,4.112537
7.2,8,4.113319
7.2,8,4.114112
7.2,8,4.114904
7.2,8,4.115692
7.2,8,4.116479
7.2,8,4.117267
7.2,8,4.118053
7.2,8,4.118838
7.2,8,4.119624
7.2,8,4.120409
7.2,8,4.121195
7.2,8,4.121982
7.2,8,4.122853
7.2,8,4.123707
7.2,8,4.124536
7.2,8,4.125371
7.2,8,4.126202
7.2,8,4.127034
7.2,8,4.12786
7.2,8,4.128685
7.2,8,4.129511
7.2,8,4.130336
7.2,8,4.131164
7.2,8,4.131982
7.2,8,4.132809
7.2,8,4.133633
7.2,8,4.134454
7.2,8,4.135276
7.2,8,4.136094
7.2,8,4.136911
7.2,8,4.137729
7.2,8,4.138551
7.2,8,4.139379
7.2,8,4.140201
7.2,8,4.141027
7.2,8,4.141852
7.2,8,4.142679
7.2,8,4.143504
7.2,8,4.144323
7.2,8,4.145145
7.2,8,4.145969
7.2,8,4.146793
7.2,8,4.147615
7.2,8,4.148438
7.2,8,4.149254
7.2,8,4.150086
7.2,8,4.150911
7.2,8,4.151732
7.2,8,4.152553
7.2,8,4.153371
7.2,8,4.154194
7.2,8,4.155019
7.2,8,4.155889
7.2,8,4.156713
7.2,8,4.157532
7.2,8,4.158356
7.2,8,4.159163
7.2,8,4.159967
6.7,10,4.160976
7.2,8,4.161787
7.2,8,4.162589
7.2,8,4.163393
7.2,8,4.164192
7.2,8,4.164986
7.2,8,4.16579
7.2,8,4.166595
7.2,8,4.1674
7.2,8,4.168205
7.2,8,4.169011
7.2,8,4.169811
7.2,8,4.170614
7.2,8,4.171418
7.2,8,4.17222
7.2,8,4.173041
7.2,8,4.173846
7.2,8,4.174647
7.2,8,4.175455
7.2,8,4.176257
7.2,8,4.177054
7.2,8,4.177851
7.2,8,4.178652
7.2,8,4.17945
7.2,8,4.180247
7.2,8,4.181046
7.2,8,4.181847
7.2,8,4.182648
7.2,8,4.183452
7.2,8,4.184253
7.2,8,4.185056
7.2,8,4.185858
7.2,8,4.186658
7.2,8,4.187464
7.2,8,4.188267
7.2,8,4.189069
7.2,8,4.189869
6.5,10,4.190868
7.2,8,4.191676
7.2,8,4.192475
7.2,8,4.193268
7.2,8,4.194074
7.2,8,4.194877
7.2,8,4.195686
7.2,8,4.196488
7.2,8,4.197285
7.2,8,4.198082
7.2,8,4.198879
7.2,8,4.19968
7.2,8,4.200475
7.2,8,4.201272
7.2,8,4.202068
7.2,8,4.202867
7.2,8,4.203686
7.2,8,4.204495
7.2,8,4.205298
7.2,8,4.206144
7.2,8,4.206975
7.2,8,4.20781
7.2,8,4.208664
7.2,8,4.209507
7.2,8,4.210325
7.2,8,4.211148
7.2,8,4.211989
7.2,8,4.212809
7.2,8,4.213646
7.2,8,4.214465
7.2,8,4.215284
7.2,8,4.216107
7.2,8,4.216923
7.2,8,4.217744
7.2,8,4.464661
7.2,8,4.465526
7.2,8,4.466374
7.2,8,4.467194
7.2,8,4.468
7.2,8,4.468817
7.2,8,4.469615
7.2,8,4.470416
7.2,8,4.471212
7.2,8,4.472007
7.2,8,4.472818
7.2,8,4.473609
7.2,8,4.474423
7.2,8,4.475215
7.2,8,4.476022
7.2,8,4.476816
7.2,8,4.477609
7.2,8,4.47841
7.2,8,4.479199
7.2,8,4.479988
7.2,8,4.480788
7.2,8,4.481579
7.2,8,4.482386
7.2,8,4.483171
7.2,8,4.483962
7.2,8,4.484754
7.2,8,4.485546
7.2,8,4.486336
7.2,8,4.487124
7.2,8,4.487911
7.2,8,4.488693
7.2,8,4.489483
7.2,8,4.490297
7.2,8,4.491087
7.2,8,4.491878
7.2,8,4.492665
7.2,8,4.493452
7.2,8,4.494239
7.2,8,4.495025
7.2,8,4.495814
7.2,8,4.496604
7.2,8,4.497402
7.2,8,4.498219
7.2,8,4.499003
7.2,8,4.499791
7.2,8,4.500582
7.2,8,4.501369
7.2,8,4.502166
7.2,8,4.502951
7.2,8,4.503742
7.2,8,4.504533
7.2,8,4.505319
7.2,8,4.506116
7.2,8,4.506912
7.2,8,4.507702
7.2,8,4.508487
7.2,8,4.509273
7.2,8,4.51006
7.2,8,4.51084
7.2,8,4.511629
7.2,8,4.512412
7.2,8,4.513196
7.2,8,4.513996
7.2,8,4.51494
7.2,8,4.515802
7.2,8,4.516627
7.2,8,4.517441
7.2,8,4.51829
7.2,8,4.519092
7.2,8,4.519888
7.2,8,4.520685
7.2,8,4.521483
7.2,8,4.5223
7.2,8,4.523103
7.2,8,4.523896
7.2,8,4.524689
7.2,8,4.525482
7.2,8,4.526272
7.2,8,4.52706
7.2,8,4.527856
7.2,8,4.528651
7.2,8,4.529443
7.2,8,4.530255
7.2,8,4.531172
7.2,8,4.532009
7.2,8,4.532818
7.2,8,4.533616
7.2,8,4.534416
7.2,8,4.535209
7.2,8,4.535995
7.2,8,4.536787
7.2,8,4.537572
7.2,8,4.538369
7.2,8,4.53917
7.2,8,4.539954
7.2,8,4.540785
7.2,8,4.541572
7.2,8,4.542356
7.2,8,4.543144
7.2,8,4.543931
7.2,8,4.544714
7.2,8,4.545502
7.2,8,4.546295
7.2,8,4.54708
7.2,8,4.547976
7.2,8,4.548796
7.2,8,4.549727
7.2,8,4.550579
7.2,8,4.55137
7.2,8,4.552183
7.2,8,4.55297
7.2,8,4.553768
7.2,8,4.554573
7.2,8,4.555369
7.2,8,4.55627
7.2,8,4.557078
7.2,8,4.557869
7.2,8,4.558667
7.2,8,4.559456
7.2,8,4.560247
7.2,8,4.56105
7.2,8,4.561843
7.2,8,4.56263
7.2,8,4.563418
7.2,8,4.5642
7.2,8,4.564978
7.2,8,4.565757
7.2,8,4.566537
7.2,8,4.567319
7.2,8,4.568113
7.2,8,4.568893
7.2,8,4.56968
7.2,8,4.570475
7.2,8,4.571257
7.2,8,4.572038
7.2,8,4.572848
7.2,8,4.573757
7.2,8,4.5746
7.2,8,4.575404
7.2,8,4.576202
7.2,8,4.576994
7.2,8,4.577802
7.2,8,4.578598
7.2,8,4.579384
7.2,8,4.580177
7.2,8,4.580962
7.2,8,4.581746
7.2,8,4.582535
7.2,8,4.583319
7.2,8,4.584139
7.2,8,4.584923
7.2,8,4.585733
7.2,8,4.586518
7.2,8,4.587307
7.2,8,4.588088
7.2,8,4.588877
7.2,8,4.58978
7.2,8,4.590673
7.2,8,4.591476
7.2,8,4.592267
7.2,8,4.593063
7.2,8,4.593865
7.2,8,4.594655
7.2,8,4.595435
7.2,8,4.596219
7.2,8,4.597006
7.2,8,4.59799
7.2,8,4.598926
7.2,8,4.599728
7.2,8,4.600531
7.2,8,4.601479
7.2,8,4.602282
7.2,8,4.603077
7.2,8,4.603877
7.2,8,4.604667
7.2,8,4.605455
7.2,8,4.606381
7.2,8,4.607217
7.2,8,4.608029
7.2,8,4.608835
7.2,8,4.609689
7.2,8,4.610486
7.2,8,4.611272
7.2,8,4.612063
7.2,8,4.612844
7.2,8,4.613639
7.2,8,4.614426
7.2,8,4.615269
7.2,8,4.616116
7.2,8,4.617025
7.2,8,4.617832
7.2,8,4.618633
7.2,8,4.619433
7.2,8,4.620229
7.2,8,4.621033
7.2,8,4.621837
7.2,8,4.622759
7.2,8,4.623725
7.2,8,4.62453
7.2,8,4.625352
7.2,8,4.62615
7.2,8,4.626941
7.2,8,4.627734
7.2,8,4.628531
7.2,8,4.629315
7.2,8,4.630101
7.2,8,4.630963
7.2,8,4.631976
7.2,8,4.632881
7.2,8,4.633703
7.2,8,4.634501
7.2,8,4.635286
7.2,8,4.636069
7.2,8,4.636849
7.2,8,4.637626
7.2,8,4.638424
7.2,8,4.639303
7.2,8,4.640269
7.2,8,4.641171
7.2,8,4.641999
7.2,8,4.642799
7.2,8,4.643593
7.2,8,4.644388
7.2,8,4.645179
7.2,8,4.645966
7.2,8,4.646794
7.2,8,4.647715
7.2,8,4.648604
7.2,8,4.649411
7.2,8,4.650206
7.2,8,4.650993
7.2,8,4.65178
7.2,8,4.652566
7.2,8,4.653354
7.2,8,4.654136
7.2,8,4.654943
7.2,8,4.655788
7.2,8,4.656801
7.2,8,4.65762
7.2,8,4.658424
7.2,8,4.659227
7.2,8,4.660027
7.2,8,4.660824
7.2,8,4.661623
7.2,8,4.662418
7.2,8,4.663212
7.2,8,4.664016
7.2,8,4.664804
7.2,8,4.665619
7.2,8,4.66641
7.2,8,4.667201
7.2,8,4.667986
7.2,8,4.668775
7.2,8,4.669567
7.2,8,4.670359
7.2,8,4.671145
7.2,8,4.9171
6.9,10,4.918171
6.9,10,4.919176
7.2,8,4.919983
7.2,8,4.920774
7.2,8,4.921568
6.9,10,4.92257
7.2,8,4.923381
6.9,10,4.92436
7.2,8,4.925145
7.2,8,4.92593
7.2,8,4.926718
7.2,8,4.927525
7.2,8,4.928304
7.2,8,4.929085
7.2,8,4.929863
6.9,10,4.930839
7.2,8,4.931617
7.2,8,4.932414
7.2,8,4.933194
6.6,12,4.934353
7.2,8,4.935143
7.2,8,4.935935
6.6,12,4.937098
7.2,8,4.937875
6.3,14,4.939364
7.2,8,4.940384
7.2,8,4.94161
7.2,8,4.942445
7.2,8,4.943236
7.2,8,4.94403
7.2,8,4.944817
7.2,8,4.945596
7.2,8,4.946376
6.9,10,4.947354
7.2,8,4.948136
7.2,8,4.948918
7.2,8,4.949714
7.2,8,4.950492
7.2,8,4.951286
7.2,8,4.952066
7.2,8,4.952845
6.9,10,4.953815
7.2,8,4.954605
6.9,10,4.955581
6.9,10,4.95684
7.2,8,4.957723
7.2,8,4.958557
7.2,8,4.959392
7.2,8,4.960203
7.2,8,4.96101
7.2,8,4.961818
6.9,10,4.962834
6.6,12,4.964042
7.2,8,4.964841
7.2,8,4.965656
7.2,8,4.966457
7.2,8,4.96728
7.2,8,4.968072
7.2,8,4.968866
7.2,8,4.969665
7.2,8,4.970452
6.9,10,4.971443
6.6,12,4.972757
7.2,8,4.973714
7.2,8,4.974587
6.9,10,4.975624
7.2,8,4.976429
7.2,8,4.977238
7.2,8,4.978033
7.2,8,4.978829
7.2,8,4.979624
7.2,8,4.980424
6.6,12,4.981601
7.2,8,4.982401
7.2,8,4.983222
6.9,10,4.984208
7.2,8,4.984997
7.2,8,4.985782
7.2,8,4.986561
7.2,8,4.987351
6.9,10,4.988327
6.9,10,4.989408
7.2,8,4.99031
7.2,8,4.99113
6.7,10,4.992138
7.2,8,4.99293
6.9,10,4.993906
7.2,8,4.994682
7.2,8,4.995462
7.2,8,4.996239
7.2,8,4.997022
7.2,8,4.997794
7.2,8,4.998573
7.2,8,4.999381
7.2,8,5.000158
7.2,8,5.000934
7.2,8,5.001705
7.2,8,5.002478
7.2,8,5.003244
7.2,8,5.004024
6.6,12,5.005179
7.2,8,5.005985
6.9,10,5.006985
7.2,8,5.007755
7.2,8,5.008535
7.2,8,5.009307
6.6,12,5.01046
7.2,8,5.011232
7.2,8,5.012007
7.2,8,5.012783
7.2,8,5.013569
7.2,8,5.014338
7.2,8,5.015106
6.6,12,5.016272
7.2,8,5.01705
7.2,8,5.017825
7.2,8,5.018598
6.9,10,5.01957
7.2,8,5.020343
7.2,8,5.021108
7.2,8,5.021879
7.2,8,5.022805
7.2,8,5.02369
6.6,12,5.02497
7.2,8,5.025812
7.2,8,5.026658
6.6,12,5.027899
6.9,10,5.028938
7.2,8,5.029773
7.2,8,5.030617
7.2,8,5.03145
7.2,8,5.032305
7.2,8,5.033133
7.2,8,5.033953
7.2,8,5.034783
7.2,8,5.035606
6.4,12,5.036839
7.2,8,5.037672
7.2,8,5.038511
7.2,8,5.03939
7.2,8,5.040217
6.6,12,5.041446
7.2,8,5.042264
7.2,8,5.043093
7.2,8,5.043917
7.2,8,5.044738
6.9,10,5.045757
7.2,8,5.04659
7.2,8,5.047431
7.2,8,5.048247
7.2,8,5.049082
7.2,8,5.049902
7.2,8,5.050723
7.2,8,5.051538
6.9,10,5.052562
7.2,8,5.053387
7.2,8,5.054203
7.2,8,5.055044
7.2,8,5.055935
6.6,12,5.057134
7.2,8,5.057926
7.2,8,5.058719
7.2,8,5.059495
7.2,8,5.060272
7.2,8,5.061053
6.6,12,5.062212
6.9,10,5.063196
7.2,8,5.063974
7.2,8,5.064748
7.2,8,5.065533
7.2,8,5.066307
6.1,14,5.067647
7.2,8,5.068421
7.2,8,5.0692
7.2,8,5.069975
7.2,8,5.070771
7.2,8,5.071546
7.2,8,5.072356
7.2,8,5.073247
7.2,8,5.074067
6.6,12,5.075264
7.2,8,5.076068
7.2,8,5.076873
7.2,8,5.077673
6.9,10,5.078699
7.2,8,5.079507
7.2,8,5.080306
7.2,8,5.081102
7.2,8,5.081903
7.2,8,5.082712
7.2,8,5.083503
7.2,8,5.084301
6.6,12,5.085489
7.2,8,5.086286
7.2,8,5.087099
7.2,8,5.087895
6.3,14,5.089368
6.4,12,5.090556
6.9,10,5.091535
7.2,8,5.092334
7.2,8,5.093117
7.2,8,5.093896
7.2,8,5.094697
7.2,8,5.095474
6.6,12,5.096632
7.2,8,5.097412
6.9,10,5.098377
6.9,10,5.099353
6.3,14,5.100702
7.2,8,5.10148
7.2,8,5.10226
7.2,8,5.10305
7.2,8,5.103828
7.2,8,5.104608
7.2,8,5.105383
7.2,8,5.10619
7.2,8,5.106968
7.2,8,5.107739
6.9,10,5.108698
7.2,8,5.109476
7.2,8,5.110253
7.2,8,5.11104
7.2,8,5.111824
7.2,8,5.112597
6.9,10,5.113558
7.2,8,5.114331
7.2,8,5.115099
7.2,8,5.115884
7.2,8,5.116647
6.4,12,5.117817
7.2,8,5.118606
7.2,8,5.119378
7.2,8,5.12015
7.2,8,5.120918
7.2,8,5.121688
7.2,8,5.368767
7.2,8,5.369683
7.2,8,5.370508
7.2,8,5.371317
7.2,8,5.372126
7.2,8,5.372958
7.2,8,5.373757
7.2,8,5.374561
7.2,8,5.375357
7.2,8,5.37615
7.2,8,5.376941
7.2,8,5.377728
7.2,8,5.378523
7.2,8,5.379316
7.2,8,5.380108
7.2,8,5.380899
7.2,8,5.381686
7.2,8,5.382473
7.2,8,5.38326
7.2,8,5.384047
6.9,10,5.38503
7.2,8,5.385819
7.2,8,5.386607
7.2,8,5.387396
7.2,8,5.388187
7.2,8,5.388987
7.2,8,5.389789
7.2,8,5.39059
7.2,8,5.391382
7.2,8,5.39217
7.2,8,5.392964
7.2,8,5.393755
7.2,8,5.394544
7.2,8,5.395333
7.2,8,5.396117
7.2,8,5.396904
7.2,8,5.397684
7.2,8,5.398476
7.2,8,5.399263
7.2,8,5.400048
7.2,8,5.400834
7.2,8,5.401622
7.2,8,5.402403
7.2,8,5.403185
7.2,8,5.403967
7.2,8,5.404747
7.2,8,5.405527
7.2,8,5.40647
7.2,8,5.407332
7.2,8,5.408184
7.2,8,5.409025
7.2,8,5.409865
7.2,8,5.410699
7.2,8,5.411534
7.2,8,5.412363
7.2,8,5.413211
7.2,8,5.41405
7.2,8,5.414876
7.2,8,5.4157
7.2,8,5.41653
7.2,8,5.417356
7.2,8,5.418181
7.2,8,5.419006
7.2,8,5.419832
7.2,8,5.42067
7.2,8,5.421494
7.2,8,5.422323
7.2,8,5.42315
7.2,8,5.423972
7.2,8,5.424796
7.2,8,5.425623
7.2,8,5.426449
7.2,8,5.42727
7.2,8,5.428088
7.2,8,5.428933
7.2,8,5.429754
7.2,8,5.430582
7.2,8,5.431403
7.2,8,5.432221
6.9,10,5.433241
7.2,8,5.434063
7.2,8,5.434883
7.2,8,5.435705
7.2,8,5.436526
7.2,8,5.437347
7.2,8,5.438168
7.2,8,5.438998
7.2,8,5.439815
7.2,8,5.440633
7.2,8,5.44146
7.2,8,5.442279
7.2,8,5.443093
7.2,8,5.443905
7.2,8,5.444737
7.2,8,5.445552
7.2,8,5.446371
7.2,8,5.447194
7.2,8,5.448011
7.2,8,5.448834
7.2,8,5.449661
7.2,8,5.450482
7.2,8,5.451298
7.2,8,5.452116
7.2,8,5.452955
7.2,8,5.453776
7.2,8,5.454604
7.2,8,5.455427
7.2,8,5.45634
7.2,8,5.457165
7.2,8,5.457979
7.2,8,5.45879
7.2,8,5.459586
7.2,8,5.460496
7.2,8,5.461374
7.2,8,5.46219
7.2,8,5.463001
7.2,8,5.463914
7.2,8,5.46482
7.2,8,5.465636
7.2,8,5.466438
7.2,8,5.467228
7.2,8,5.468151
7.2,8,5.468977
7.2,8,5.46977
7.2,8,5.470559
7.2,8,5.471349
7.2,8,5.472141
7.2,8,5.472944
7.2,8,5.473725
7.2,8,5.474502
7.2,8,5.475286
7.2,8,5.476074
7.2,8,5.476945
7.2,8,5.477743
7.2,8,5.478541
7.2,8,5.479333
7.2,8,5.480134
7.2,8,5.481082
7.2,8,5.481941
7.2,8,5.482774
7.2,8,5.483621
7.2,8,5.484505
7.2,8,5.485303
7.2,8,5.486099
7.2,8,5.486886
7.2,8,5.487675
7.2,8,5.488466
7.2,8,5.489273
7.2,8,5.490069
7.2,8,5.490856
7.2,8,5.491636
7.2,8,5.492536
7.2,8,5.493358
7.2,8,5.494165
7.2,8,5.494964
7.2,8,5.495761
7.2,8,5.496572
7.2,8,5.497534
7.2,8,5.498366
7.2,8,5.499194
7.2,8,5.500163
7.2,8,5.50097
7.2,8,5.501769
7.2,8,5.502562
7.2,8,5.503359
7.2,8,5.504148
6.9,10,5.505148
7.2,8,5.505935
7.2,8,5.506734
7.2,8,5.507534
7.2,8,5.50843
7.2,8,5.509219
7.2,8,5.510002
7.2,8,5.51078
7.2,8,5.511564
7.2,8,5.512342
7.2,8,5.513123
7.2,8,5.513951
6.9,10,5.51505
7.2,8,5.51589
7.2,8,5.516724
7.2,8,5.517556
7.2,8,5.518386
7.2,8,5.519209
7.2,8,5.520034
7.2,8,5.520857
7.2,8,5.521691
7.2,8,5.522551
7.2,8,5.523354
7.2,8,5.524164
7.2,8,5.524944
7.2,8,5.525729
7.2,8,5.526513
7.2,8,5.527298
7.2,8,5.528078
7.2,8,5.52886
7.2,8,5.529636
7.2,8,5.530423
7.2,8,5.531319
7.2,8,5.532194
7.2,8,5.533353
7.2,8,5.534168
7.2,8,5.534972
7.2,8,5.535769
7.2,8,5.536561
7.2,8,5.537356
7.2,8,5.538146
7.2,8,5.538938
7.2,8,5.539833
7.2,8,5.540663
7.2,8,5.541461
7.2,8,5.542254
7.2,8,5.543052
7.2,8,5.543841
7.2,8,5.544629
7.2,8,5.545417
7.2,8,5.546206
7.2,8,5.546998
7.2,8,5.547784
7.2,8,5.548571
7.2,8,5.549369
7.2,8,5.550177
7.2,8,5.550963
7.2,8,5.551749
7.2,8,5.552535
7.2,8,5.553316
7.2,8,5.554103
7.2,8,5.554887
7.2,8,5.555715
7.2,8,5.556671
7.2,8,5.55767
6.7,10,5.558728
7.2,8,5.559528
7.2,8,5.560322
7.2,8,5.561112
6.9,10,5.562095
7.2,8,5.56289
7.2,8,5.563701
7.2,8,5.564495
7.2,8,5.565289
7.2,8,5.566114
7.2,8,5.566918
7.2,8,5.567707
7.2,8,5.568492
7.2,8,5.569281
7.2,8,5.570078
7.2,8,5.570864
7.2,8,5.571661
7.2,8,5.572542
7.2,8,5.573384
7.2,8,5.574189
7.2,8,5.574992
7.2,8,5.575789
7.2,8,5.576582
7.2,8,5.577368
7.2,8,5.82505
7.2,8,5.825928
7.2,8,5.826749
7.2,8,5.827551
7.2,8,5.828359
7.2,8,5.829153
7.2,8,5.829947
7.2,8,5.830764
7.2,8,5.83156
7.2,8,5.832353
7.2,8,5.833143
7.2,8,5.833933
7.2,8,5.834749
7.2,8,5.835536
7.2,8,5.836319
7.2,8,5.837103
7.2,8,5.83789
7.2,8,5.838676
7.2,8,5.839592
7.2,8,5.840437
7.2,8,5.841256
7.2,8,5.84208
7.2,8,5.842882
7.2,8,5.843676
7.2,8,5.844467
7.2,8,5.845262
7.2,8,5.846054
7.2,8,5.846862
7.2,8,5.847665
7.2,8,5.84846
7.2,8,5.84925
7.2,8,5.850057
7.2,8,5.850846
7.2,8,5.851634
7.2,8,5.852417
7.2,8,5.853199
7.2,8,5.853987
7.2,8,5.854763
7.2,8,5.855543
7.2,8,5.856377
7.2,8,5.857189
7.2,8,5.857978
7.2,8,5.85877
7.2,8,5.859547
7.2,8,5.860333
7.2,8,5.86111
7.2,8,5.861888
7.2,8,5.862673
7.2,8,5.863455
7.2,8,5.864281
7.2,8,5.865343
7.2,8,5.866415
7.2,8,5.867302
7.2,8,5.868169
7.2,8,5.869014
7.2,8,5.869852
7.2,8,5.870681
7.2,8,5.871518
7.2,8,5.872386
7.2,8,5.873225
7.2,8,5.874124
7.2,8,5.87493
7.2,8,5.875727
7.2,8,5.876519
7.2,8,5.877307
7.2,8,5.878094
7.2,8,5.878882
7.2,8,5.879668
7.2,8,5.88047
7.2,8,5.881269
7.2,8,5.882074
7.2,8,5.882879
7.2,8,5.883669
7.2,8,5.884458
7.2,8,5.885241
7.2,8,5.886026
7.2,8,5.886812
7.2,8,5.887592
7.2,8,5.888379
7.2,8,5.889245
7.2,8,5.890057
7.2,8,5.890842
7.2,8,5.891623
7.2,8,5.892403
7.2,8,5.893184
7.2,8,5.893963
7.2,8,5.894745
7.2,8,5.89553
7.2,8,5.896316
7.2,8,5.897116
7.2,8,5.897915
7.2,8,5.898696
7.2,8,5.899477
7.2,8,5.900258
7.2,8,5.901034
7.2,8,5.901815
7.2,8,5.902597
7.2,8,5.903376
7.2,8,5.904151
7.2,8,5.90493
7.2,8,5.905782
7.2,8,5.906687
7.2,8,5.907514
7.2,8,5.908308
7.2,8,5.909093
7.2,8,5.909877
7.2,8,5.910662
7.2,8,5.911446
7.2,8,5.912227
7.2,8,5.913012
7.2,8,5.9138
7.2,8,5.914575
7.2,8,5.915352
7.2,8,5.916134
7.2,8,5.916926
7.2,8,5.917703
7.2,8,5.918478
7.2,8,5.919257
7.2,8,5.920034
7.2,8,5.920812
7.2,8,5.921596
7.2,8,5.922397
7.2,8,5.923281
7.2,8,5.924095
7.2,8,5.924884
7.2,8,5.925668
7.2,8,5.926456
7.2,8,5.927239
7.2,8,5.928018
7.2,8,5.928799
7.2,8,5.92959
7.2,8,5.930385
7.2,8,5.931158
7.2,8,5.931941
7.2,8,5.932725
7.2,8,5.933519
7.2,8,5.934301
7.2,8,5.935082
7.2,8,5.935861
7.2,8,5.936645
7.2,8,5.937429
7.2,8,5.93823
7.2,8,5.939019
7.2,8,5.939814
7.2,8,5.940588
7.2,8,5.941371
7.2,8,5.942149
7.2,8,5.942937
7.2,8,5.943728
7.2,8,5.94451
7.2,8,5.945296
7.2,8,5.946091
7.2,8,5.946879
7.2,8,5.947684
7.2,8,5.948463
7.2,8,5.949247
7.2,8,5.950028
7.2,8,5.950804
7.2,8,5.951586
7.2,8,5.952375
7.2,8,5.953157
7.2,8,5.953957
7.2,8,5.954738
7.2,8,5.955519
7.2,8,5.956485
7.2,8,5.957372
7.2,8,5.958216
7.2,8,5.959056
7.2,8,5.959905
7.2,8,5.960726
7.2,8,5.961568
7.2,8,5.962405
7.2,8,5.963233
7.2,8,5.964062
7.2,8,5.964888
7.2,8,5.965726
7.2,8,5.96656
7.2,8,5.967379
7.2,8,5.968216
7.2,8,5.969039
7.2,8,5.969879
7.2,8,5.970701
7.2,8,5.971523
7.2,8,5.972359
7.2,8,5.973278
7.2,8,5.974111
7.2,8,5.974911
7.2,8,5.975694
7.2,8,5.976482
7.2,8,5.977274
7.2,8,5.978071
7.2,8,5.978853
7.2,8,5.979637
7.2,8,5.980424
7.2,8,5.981209
7.2,8,5.981992
7.2,8,5.98279
7.2,8,5.983584
7.2,8,5.984369
7.2,8,5.985164
7.2,8,5.98595
7.2,8,5.986735
7.2,8,5.987518
7.2,8,5.988293
7.2,8,5.989171
7.2,8,5.990074
7.2,8,5.990912
7.2,8,5.99173
7.2,8,5.99254
7.2,8,5.993365
7.2,8,5.994169
7.2,8,5.994972
7.2,8,5.995768
7.2,8,5.996563
7.2,8,5.997386
7.2,8,5.998182
7.2,8,5.998977
7.2,8,5.99977
7.2,8,6.000563
7.2,8,6.001376
7.2,8,6.002171
7.2,8,6.002975
7.2,8,6.003769
7.2,8,6.004557
7.2,8,6.005344
7.2,8,6.006219
7.2,8,6.007018
7.2,8,6.007812
7.2,8,6.008595
7.2,8,6.009401
7.2,8,6.01018
7.2,8,6.010961
7.2,8,6.011741
7.2,8,6.012523
7.2,8,6.01331
7.2,8,6.01412
7.2,8,6.014898
7.2,8,6.015674
7.2,8,6.016456
7.2,8,6.017247
7.2,8,6.018038
7.2,8,6.018825
7.2,8,6.019611
7.2,8,6.020388
7.2,8,6.021173
7.2,8,6.021956
7.2,8,6.022824
7.2,8,6.023675
7.2,8,6.024512
7.2,8,6.025347
7.2,8,6.026193
7.2,8,6.02702
7.2,8,6.027851
7.2,8,6.028678
7.2,8,6.029498
7.2,8,6.03033
7.2,8,6.276637
6.9,10,6.277704
6.9,10,6.278708
6.6,12,6.279898
7.2,8,6.28072
7.2,8,6.281532
7.2,8,6.282325
7.2,8,6.283125
7.2,8,6.283921
7.2,8,6.284719
7.2,8,6.285521
7.2,8,6.286306
7.2,8,6.287092
7.2,8,6.287897
7.2,8,6.288689
7.2,8,6.289624
7.2,8,6.290508
6.9,10,6.291572
7.2,8,6.292422
7.2,8,6.293261
7.2,8,6.2941
6.9,10,6.295141
7.2,8,6.296001
7.2,8,6.296846
7.2,8,6.297713
7.2,8,6.298555
6.9,10,6.299595
7.2,8,6.300424
7.2,8,6.301256
7.2,8,6.302083
7.2,8,6.302913
7.2,8,6.30376
7.2,8,6.304595
7.2,8,6.305423
7.2,8,6.306283
7.2,8,6.307076
7.2,8,6.307861
7.2,8,6.30865
7.2,8,6.309434
7.2,8,6.310217
6.9,10,6.311195
7.2,8,6.311992
7.2,8,6.312771
7.2,8,6.313565
7.2,8,6.314359
7.2,8,6.315139
6.9,10,6.316116
7.2,8,6.316903
6.9,10,6.317879
7.2,8,6.318659
7.2,8,6.319465
7.2,8,6.320255
7.2,8,6.321033
6.3,14,6.32241
6.9,10,6.32339
7.2,8,6.324171
7.2,8,6.324957
7.2,8,6.325741
6.9,10,6.326714
6.9,10,6.327704
7.2,8,6.32849
7.2,8,6.329268
7.2,8,6.330056
7.2,8,6.330852
6.9,10,6.33182
7.2,8,6.332602
6.9,10,6.333582
7.2,8,6.334361
6.9,10,6.33535
7.2,8,6.336145
7.2,8,6.336931
6.3,14,6.338282
7.2,8,6.339144
7.2,8,6.340039
7.2,8,6.340881
7.2,8,6.341702
7.2,8,6.342511
6.6,12,6.343719
6.9,10,6.344713
6.9,10,6.345706
7.2,8,6.346504
7.2,8,6.347317
6.9,10,6.348306
6.9,10,6.3493
7.2,8,6.350098
7.2,8,6.350893
7.2,8,6.351697
6.9,10,6.352682
7.2,8,6.353477
7.2,8,6.35427
7.2,8,6.355065
7.2,8,6.355867
7.2,8,6.356658
7.2,8,6.35745
7.2,8,6.358242
7.2,8,6.359046
6.9,10,6.360048
7.2,8,6.360837
7.2,8,6.361629
7.2,8,6.36243
7.2,8,6.363221
6.9,10,6.364213
7.2,8,6.365004
7.2,8,6.365792
7.2,8,6.36658
6.9,10,6.36758
7.2,8,6.368367
7.2,8,6.369159
7.2,8,6.369965
7.2,8,6.370758
7.2,8,6.371553
7.2,8,6.372348
7.2,8,6.373132
6.9,10,6.37411
7.2,8,6.374897
7.2,8,6.375699
7.2,8,6.376486
7.2,8,6.377277
7.2,8,6.378066
6.9,10,6.379051
6.9,10,6.380035
6.3,14,6.381409
7.2,8,6.382191
7.2,8,6.382982
7.2,8,6.383781
7.2,8,6.384569
7.2,8,6.385352
7.2,8,6.386142
7.2,8,6.386932
6.9,10,6.387913
7.2,8,6.388702
7.2,8,6.389506
7.2,8,6.390294
7.2,8,6.391079
7.2,8,6.391866
6.9,10,6.392848
6.6,12,6.394016
7.2,8,6.394805
7.2,8,6.395593
6.9,10,6.396574
7.2,8,6.397386
7.2,8,6.398175
7.2,8,6.398958
7.2,8,6.399755
7.2,8,6.400542
7.2,8,6.401364
7.2,8,6.40217
7.2,8,6.402972
6.9,10,6.403957
6.9,10,6.40494
7.2,8,6.405737
6.9,10,6.40672
7.2,8,6.407517
7.2,8,6.408307
7.2,8,6.409099
6.9,10,6.410081
7.2,8,6.410866
7.2,8,6.411654
7.2,8,6.412447
7.2,8,6.413232
7.2,8,6.414156
7.2,8,6.41506
6.9,10,6.416104
7.2,8,6.416924
6.9,10,6.417932
7.2,8,6.418737
7.2,8,6.419555
7.2,8,6.420357
7.2,8,6.421177
7.2,8,6.421985
7.2,8,6.422908
7.2,8,6.423741
7.2,8,6.424566
7.2,8,6.425448
7.2,8,6.426263
7.2,8,6.427082
7.2,8,6.427908
6.9,10,6.428914
7.2,8,6.429918
7.2,8,6.430981
7.2,8,6.43184
7.2,8,6.432685
7.2,8,6.433498
6.9,10,6.434605
7.2,8,6.435457
7.2,8,6.436335
7.2,8,6.437239
7.2,8,6.438272
6.9,10,6.43947
7.2,8,6.440409
7.2,8,6.441954
7.2,8,6.442981
7.2,8,6.443838
7.2,8,6.44593
6.9,10,6.447882
7.2,8,6.449278
7.2,8,6.450245
7.2,8,6.451158
6.6,12,6.452474
6.9,10,6.453553
7.2,8,6.454415
7.2,8,6.455277
7.2,8,6.45615
7.2,8,6.457023
7.2,8,6.4579
7.2,8,6.45883
7.2,8,6.459807
7.2,8,6.461303
7.2,8,6.463187
7.2,8,6.4662
7.2,8,6.495606
7.2,8,6.49672
7.2,8,6.497885
7.2,8,6.502598
6.9,10,6.505407
7.2,8,6.506667
6.6,12,6.507937
7.2,8,6.508775
6.6,12,6.510006
7.2,8,6.510837
7.2,8,6.511633
6.6,12,6.512802
6.6,12,6.513982
7.2,8,6.514947
6.9,10,6.516058
7.2,8,6.516915
7.2,8,6.517755
7.2,8,6.518619
7.2,8,6.519459
7.2,8,6.520295
7.2,8,6.521145
7.2,8,6.521979
6.9,10,6.523227
7.2,8,6.524098
6.9,10,6.525371
7.2,8,6.526237
7.2,8,6.527059
7.2,8,6.527866
7.2,8,6.528672
7.2,8,6.778883
7.2,8,6.779755
7.2,8,6.78058
7.2,8,6.781551
7.2,8,6.7824
7.2,8,6.783223
7.2,8,6.78403
7.2,8,6.784848
7.2,8,6.785646
7.2,8,6.786449
7.2,8,6.787247
7.2,8,6.788039
7.2,8,6.788854
7.2,8,6.78981
7.2,8,6.790639
7.2,8,6.791449
7.2,8,6.79225
7.2,8,6.793038
7.2,8,6.793824
7.2,8,6.794618
7.2,8,6.795397
7.2,8,6.796181
7.2,8,6.796992
7.2,8,6.797839
7.2,8,6.79882
7.2,8,6.799683
7.2,8,6.800533
7.2,8,6.801372
7.2,8,6.802211
7.2,8,6.803044
7.2,8,6.803868
7.2,8,6.80471
7.2,8,6.805534
7.2,8,6.806423
7.2,8,6.80723
7.2,8,6.808025
7.2,8,6.808821
7.2,8,6.809609
7.2,8,6.810394
7.2,8,6.811187
7.2,8,6.811968
7.2,8,6.812763
7.2,8,6.81355
7.2,8,6.814332
7.2,8,6.815109
7.2,8,6.815892
7.2,8,6.816672
7.2,8,6.817449
7.2,8,6.818232
7.2,8,6.819014
7.2,8,6.819791
7.2,8,6.820584
7.2,8,6.821361
7.2,8,6.822134
7.2,8,6.822944
7.2,8,6.823715
7.2,8,6.824493
7.2,8,6.825271
7.2,8,6.826047
7.2,8,6.826825
7.2,8,6.827604
7.2,8,6.828383
7.2,8,6.829152
7.2,8,6.829926
7.2,8,6.830716
7.2,8,6.831488
7.2,8,6.832267
7.2,8,6.83304
7.2,8,6.833817
7.2,8,6.834586
7.2,8,6.835361
7.2,8,6.836137
7.2,8,6.836911
7.2,8,6.837686
7.2,8,6.838462
7.2,8,6.839314
7.2,8,6.840161
7.2,8,6.840997
7.2,8,6.841827
7.2,8,6.842657
7.2,8,6.843485
7.2,8,6.844307
7.2,8,6.845127
7.2,8,6.845941
7.2,8,6.846765
7.2,8,6.847587
7.2,8,6.848405
7.2,8,6.849231
7.2,8,6.850048
7.2,8,6.850884
7.2,8,6.851704
7.2,8,6.852516
7.2,8,6.853335
7.2,8,6.854149
7.2,8,6.854964
7.2,8,6.855799
7.2,8,6.856618
7.2,8,6.857444
7.2,8,6.858256
7.2,8,6.859071
7.2,8,6.859884
7.2,8,6.860699
7.2,8,6.861514
7.2,8,6.862329
7.2,8,6.863153
7.2,8,6.86397
7.2,8,6.864786
7.2,8,6.865597
7.2,8,6.866417
7.2,8,6.867231
7.2,8,6.868043
7.2,8,6.868859
7.2,8,6.869674
7.2,8,6.870489
7.2,8,6.871304
7.2,8,6.872116
7.2,8,6.872946
7.2,8,6.873726
7.2,8,6.874505
7.2,8,6.875283
7.2,8,6.876059
7.2,8,6.876835
7.2,8,6.877608
7.2,8,6.878381
7.2,8,6.879157
7.2,8,6.879931
7.2,8,6.880706
7.2,8,6.881478
7.2,8,6.882255
7.2,8,6.883028
7.2,8,6.883801
7.2,8,6.884585
7.2,8,6.885357
7.2,8,6.886134
7.2,8,6.886907
7.2,8,6.887678
7.2,8,6.888473
7.2,8,6.889321
7.2,8,6.890141
7.2,8,6.890958
7.2,8,6.891775
7.2,8,6.892593
7.2,8,6.893405
7.2,8,6.894222
7.2,8,6.895044
7.2,8,6.895861
7.2,8,6.896678
7.2,8,6.897489
7.2,8,6.898313
7.2,8,6.899137
7.2,8,6.899957
7.2,8,6.900768
7.2,8,6.901581
7.2,8,6.902391
7.2,8,6.903214
7.2,8,6.904023
7.2,8,6.90483
7.2,8,6.905648
7.2,8,6.906468
7.2,8,6.907281
7.2,8,6.908097
7.2,8,6.908916
7.2,8,6.909723
7.2,8,6.910537
7.2,8,6.911352
7.2,8,6.912162
7.2,8,6.912974
7.2,8,6.913783
7.2,8,6.914586
7.2,8,6.915402
7.2,8,6.91621
7.2,8,6.917015
7.2,8,6.917827
7.2,8,6.918643
7.2,8,6.91945
7.2,8,6.920264
7.2,8,6.921072
7.2,8,6.921877
7.2,8,6.922711
7.2,8,6.923516
7.2,8,6.924334
7.2,8,6.925141
7.2,8,6.925954
7.2,8,6.926769
7.2,8,6.927579
7.2,8,6.928384
7.2,8,6.929197
7.2,8,6.930005
7.2,8,6.930815
7.2,8,6.931624
7.2,8,6.932435
7.2,8,6.933259
7.2,8,6.93407
7.2,8,6.93488
7.2,8,6.935694
7.2,8,6.936511
7.2,8,6.937323
7.2,8,6.938135
7.2,8,6.938956
7.2,8,6.939772
7.2,8,6.940586
7.2,8,6.941398
7.2,8,6.942204
7.2,8,6.943014
7.2,8,6.943823
7.2,8,6.944628
7.2,8,6.945441
7.2,8,6.94625
7.2,8,6.947061
7.2,8,6.947873
7.2,8,6.948707
7.2,8,6.949533
7.2,8,6.950346
7.2,8,6.951154
7.2,8,6.951968
7.2,8,6.952785
7.2,8,6.953592
7.2,8,6.954407
7.2,8,6.955214
7.2,8,6.95606
7.2,8,6.956885
7.2,8,6.957696
7.2,8,6.958511
7.2,8,6.959334
7.2,8,6.960157
7.2,8,6.960973
7.2,8,6.961779
7.2,8,6.962587
7.2,8,6.963394
7.2,8,6.96423
7.2,8,6.965058
7.2,8,6.96587
7.2,8,6.966677
7.2,8,6.96749
7.2,8,6.968302
7.2,8,6.969114
7.2,8,6.969929
7.2,8,6.970739
7.2,8,6.971564
7.2,8,6.97245
7.2,8,6.973317
7.2,8,6.974118
7.2,8,6.974905
7.2,8,6.975689
7.2,8,6.976474
7.2,8,6.977258
7.2,8,6.978038
7.2,8,6.978821
7.2,8,6.979604
7.2,8,6.980399
7.2,8,6.981183
7.2,8,6.981961
7.2,8,6.98275
7.2,8,6.983526
7.2,8,6.984306
7.2,8,6.985086
7.2,8,7.233567
7.2,8,7.234477
7.2,8,7.235316
7.2,8,7.236149
7.2,8,7.23697
7.2,8,7.237782
7.2,8,7.238597
7.2,8,7.239543
7.2,8,7.240401
7.2,8,7.241229
7.2,8,7.242059
7.2,8,7.242869
7.2,8,7.243666
7.2,8,7.244466
7.2,8,7.245264
7.2,8,7.246063
7.2,8,7.246862
7.2,8,7.247679
7.2,8,7.248473
7.2,8,7.249268
7.2,8,7.250076
7.2,8,7.25087
7.2,8,7.251662
7.2,8,7.252454
7.2,8,7.253256
7.2,8,7.254053
7.2,8,7.254841
7.2,8,7.255633
7.2,8,7.256452
7.2,8,7.257243
7.2,8,7.258037
7.2,8,7.258826
7.2,8,7.259617
7.2,8,7.260408
7.2,8,7.2612
7.2,8,7.261992
7.2,8,7.262785
7.2,8,7.26358
7.2,8,7.264384
7.2,8,7.265173
7.2,8,7.265963
7.2,8,7.266752
7.2,8,7.267544
7.2,8,7.268336
7.2,8,7.269123
7.2,8,7.26991
7.2,8,7.270701
7.2,8,7.271485
7.2,8,7.272283
7.2,8,7.273193
7.2,8,7.274024
7.2,8,7.274845
7.2,8,7.275664
7.2,8,7.276473
7.2,8,7.277287
7.2,8,7.278099
7.2,8,7.278905
7.2,8,7.279718
7.2,8,7.280527
7.2,8,7.281336
7.2,8,7.282145
7.2,8,7.282953
7.2,8,7.283767
7.2,8,7.284577
7.2,8,7.285384
7.2,8,7.28619
7.2,8,7.286999
7.2,8,7.287809
7.2,8,7.288612
7.2,8,7.289493
7.2,8,7.290306
7.2,8,7.291102
7.2,8,7.291895
7.2,8,7.292686
7.2,8,7.29348
7.2,8,7.294274
7.2,8,7.295098
7.2,8,7.296078
7.2,8,7.296908
7.2,8,7.297727
7.2,8,7.298531
7.2,8,7.299334
7.2,8,7.300135
7.2,8,7.30093
7.2,8,7.30172
7.2,8,7.302511
7.2,8,7.303299
7.2,8,7.304093
7.2,8,7.30488
7.2,8,7.305691
7.2,8,7.306548
7.2,8,7.307367
7.2,8,7.308182
7.2,8,7.308991
7.2,8,7.309794
7.2,8,7.310603
7.2,8,7.311409
7.2,8,7.312221
7.2,8,7.313029
7.2,8,7.31384
7.2,8,7.314646
7.2,8,7.315451
7.2,8,7.31626
7.2,8,7.317057
7.2,8,7.317859
7.2,8,7.318658
7.2,8,7.319458
7.2,8,7.320262
7.2,8,7.321064
7.2,8,7.321863
7.2,8,7.322706
7.2,8,7.323515
7.2,8,7.324326
7.2,8,7.325133
7.2,8,7.325938
7.2,8,7.326741
7.2,8,7.327543
7.2,8,7.328345
7.2,8,7.329145
7.2,8,7.329965
7.2,8,7.330791
7.2,8,7.331593
7.2,8,7.332395
7.2,8,7.3332
7.2,8,7.334003
7.2,8,7.334807
7.2,8,7.335605
7.2,8,7.336411
7.2,8,7.337227
7.2,8,7.338031
7.2,8,7.338836
7.2,8,7.339714
7.2,8,7.340522
7.2,8,7.341321
7.2,8,7.342121
7.2,8,7.342916
7.2,8,7.34371
7.2,8,7.344505
7.2,8,7.345303
7.2,8,7.346106
7.2,8,7.3469
7.2,8,7.34771
7.2,8,7.348502
7.2,8,7.349295
7.2,8,7.350086
7.2,8,7.350875
7.2,8,7.351669
7.2,8,7.352455
7.2,8,7.353251
7.2,8,7.354066
7.2,8,7.354854
7.2,8,7.35565
7.2,8,7.356648
7.2,8,7.357538
7.2,8,7.35839
7.2,8,7.359237
7.2,8,7.360075
7.2,8,7.360911
7.2,8,7.361759
7.2,8,7.362587
7.2,8,7.363412
7.2,8,7.364258
7.2,8,7.365084
7.2,8,7.365909
7.2,8,7.366754
7.2,8,7.367576
7.2,8,7.368403
7.2,8,7.36923
7.2,8,7.370074
7.2,8,7.370897
7.2,8,7.371718
7.2,8,7.37261
7.2,8,7.37346
7.2,8,7.374282
7.2,8,7.37511
7.2,8,7.375922
7.2,8,7.376729
7.2,8,7.377537
7.2,8,7.378352
7.2,8,7.379152
7.2,8,7.379957
7.2,8,7.380762
7.2,8,7.381568
7.2,8,7.382383
7.2,8,7.3832
7.2,8,7.384002
7.2,8,7.384806
7.2,8,7.385628
7.2,8,7.386433
7.2,8,7.387233
7.2,8,7.388025
7.2,8,7.388826
7.2,8,7.389698
7.2,8,7.390544
7.2,8,7.391376
7.2,8,7.392201
7.2,8,7.39304
7.2,8,7.393878
7.2,8,7.394712
7.2,8,7.395539
7.2,8,7.396362
7.2,8,7.397205
7.2,8,7.398051
7.2,8,7.398873
7.2,8,7.399701
7.2,8,7.400524
7.2,8,7.401366
7.2,8,7.402188
7.2,8,7.403009
7.2,8,7.403832
7.2,8,7.404659
7.2,8,7.405482
7.2,8,7.40635
7.2,8,7.40716
7.2,8,7.407965
7.2,8,7.408774
7.2,8,7.409601
7.2,8,7.410399
7.2,8,7.411198
7.2,8,7.411998
7.2,8,7.412797
7.2,8,7.413602
7.2,8,7.414434
7.2,8,7.415237
7.2,8,7.416052
7.2,8,7.416855
7.2,8,7.417671
7.2,8,7.418472
7.2,8,7.419275
7.2,8,7.420083
7.2,8,7.420889
7.2,8,7.421699
7.2,8,7.422593
7.2,8,7.423433
7.2,8,7.42426
7.2,8,7.425088
7.2,8,7.425924
7.2,8,7.42674
7.2,8,7.427568
7.2,8,7.428386
7.2,8,7.429212
7.2,8,7.430027
7.2,8,7.430851
7.2,8,7.431669
7.2,8,7.43252
7.2,8,7.433358
7.2,8,7.434172
7.2,8,7.434999
7.2,8,7.435818
7.2,8,7.436638
7.2,8,7.437462
7.2,8,7.438298
7.2,8,7.439138
7.2,8,7.439987
7.2,8,7.440828
7.2,8,7.441843
7.2,8,7.692383
7.2,8,7.693247
7.2,8,7.694052
7.2,8,7.694845
7.2,8,7.695659
7.2,8,7.696454
7.2,8,7.697271
7.2,8,7.69806
7.2,8,7.698846
7.2,8,7.699626
7.2,8,7.700407
7.2,8,7.701195
7.2,8,7.701976
7.2,8,7.702751
7.2,8,7.703535
7.2,8,7.704329
7.2,8,7.705105
7.2,8,7.706017
7.2,8,7.706883
7.2,8,7.707705
7.2,8,7.708514
7.2,8,7.709311
7.2,8,7.710112
7.2,8,7.710907
7.2,8,7.711719
7.2,8,7.71251
7.2,8,7.713302
7.2,8,7.71411
6.9,10,7.71509
7.2,8,7.715883
7.2,8,7.716672
7.2,8,7.717459
7.2,8,7.718249
7.2,8,7.71904
7.2,8,7.719835
7.2,8,7.720617
7.2,8,7.721406
7.2,8,7.722191
7.2,8,7.723038
7.2,8,7.723828
7.2,8,7.724616
7.2,8,7.725403
7.2,8,7.726185
7.2,8,7.726974
7.2,8,7.727778
7.2,8,7.728557
7.2,8,7.729344
7.2,8,7.730126
7.2,8,7.73091
7.2,8,7.731696
7.2,8,7.732488
7.2,8,7.733292
7.2,8,7.734074
7.2,8,7.734852
7.2,8,7.73566
7.2,8,7.736447
7.2,8,7.737231
7.2,8,7.73802
7.2,8,7.738807
7.2,8,7.739796
7.2,8,7.740668
7.2,8,7.741521
7.2,8,7.74236
7.2,8,7.743203
7.2,8,7.744046
7.2,8,7.744878
7.2,8,7.745706
7.2,8,7.746533
7.2,8,7.747378
7.2,8,7.748215
7.2,8,7.749044
7.2,8,7.749865
7.2,8,7.750686
7.2,8,7.751524
7.2,8,7.752341
7.2,8,7.753156
7.2,8,7.753975
7.2,8,7.754793
7.2,8,7.755618
7.2,8,7.756506
7.2,8,7.7573
7.2,8,7.758088
7.2,8,7.758882
7.2,8,7.759682
7.2,8,7.760461
7.2,8,7.761233
7.2,8,7.762012
7.2,8,7.76279
7.2,8,7.763579
7.2,8,7.764367
7.2,8,7.765147
7.2,8,7.765924
7.2,8,7.766704
7.2,8,7.7675
7.2,8,7.768271
7.2,8,7.76906
7.2,8,7.769829
7.2,8,7.7706
7.2,8,7.77137
7.2,8,7.772139
7.2,8,7.773038
7.2,8,7.773877
7.2,8,7.774705
7.2,8,7.775554
7.2,8,7.776376
7.2,8,7.777217
7.2,8,7.778042
7.2,8,7.778868
7.2,8,7.779691
7.2,8,7.780518
7.2,8,7.781338
6.9,10,7.782372
7.2,8,7.783211
7.2,8,7.784033
7.2,8,7.784852
7.2,8,7.785674
7.2,8,7.786493
7.2,8,7.787311
7.2,8,7.788132
7.2,8,7.788955
7.2,8,7.789874
7.2,8,7.790682
7.2,8,7.791496
7.2,8,7.792283
7.2,8,7.793077
7.2,8,7.793857
7.2,8,7.794635
7.2,8,7.795419
7.2,8,7.796204
7.2,8,7.796998
7.2,8,7.797794
7.2,8,7.79859
7.2,8,7.799396
7.2,8,7.800181
7.2,8,7.800963
7.2,8,7.801744
7.2,8,7.802528
7.2,8,7.803313
7.2,8,7.804094
7.2,8,7.804875
7.2,8,7.805674
7.2,8,7.806511
7.2,8,7.807311
7.2,8,7.808097
7.2,8,7.808881
7.2,8,7.809665
7.2,8,7.810446
7.2,8,7.811232
7.2,8,7.812011
7.2,8,7.812795
7.2,8,7.813578
7.2,8,7.814361
7.2,8,7.815148
7.2,8,7.815949
7.2,8,7.816727
7.2,8,7.817509
7.2,8,7.818286
7.2,8,7.81907
7.2,8,7.819853
7.2,8,7.820634
7.2,8,7.821411
7.2,8,7.822195
7.2,8,7.823061
7.2,8,7.823861
7.2,8,7.824649
7.2,8,7.825435
7.2,8,7.82622
7.2,8,7.827007
7.2,8,7.82779
7.2,8,7.828568
7.2,8,7.82935
7.2,8,7.830132
7.2,8,7.830941
7.2,8,7.831726
7.2,8,7.832507
7.2,8,7.833285
7.2,8,7.834069
7.2,8,7.834853
7.2,8,7.83564
7.2,8,7.836423
7.2,8,7.837207
7.2,8,7.837993
7.2,8,7.838797
7.2,8,7.839751
7.2,8,7.840584
7.2,8,7.841397
7.2,8,7.842193
7.2,8,7.842988
7.2,8,7.843777
7.2,8,7.844565
7.2,8,7.84535
7.2,8,7.846133
7.2,8,7.846937
7.2,8,7.847731
7.2,8,7.84851
7.2,8,7.849294
7.2,8,7.850072
7.2,8,7.850854
7.2,8,7.851632
7.2,8,7.852406
7.2,8,7.853188
7.2,8,7.853965
7.2,8,7.854759
7.2,8,7.855534
7.2,8,7.856374
7.2,8,7.857174
7.2,8,7.857952
7.2,8,7.858731
7.2,8,7.859504
7.2,8,7.860276
7.2,8,7.861049
7.2,8,7.861823
7.2,8,7.862597
7.2,8,7.863388
7.2,8,7.864169
7.2,8,7.864948
7.2,8,7.86574
7.2,8,7.866518
7.2,8,7.867294
7.2,8,7.86807
7.2,8,7.868843
7.2,8,7.869617
7.2,8,7.87041
7.2,8,7.871185
7.2,8,7.871959
7.2,8,7.872838
7.2,8,7.873651
7.2,8,7.874441
7.2,8,7.875226
7.2,8,7.876012
7.2,8,7.876797
7.2,8,7.877581
7.2,8,7.878369
7.2,8,7.879163
7.2,8,7.879944
7.2,8,7.88075
7.2,8,7.88154
7.2,8,7.882329
7.2,8,7.883113
7.2,8,7.883898
7.2,8,7.884684
7.2,8,7.88547
7.2,8,7.886248
7.2,8,7.887045
7.2,8,7.887821
7.2,8,7.8886
7.2,8,7.889466
7.2,8,7.890265
7.2,8,7.891055
7.2,8,7.891833
7.2,8,7.89261
7.2,8,7.893404
7.2,8,7.894204
7.2,8,7.89498
7.2,8,7.895763
7.2,8,8.142414
7.2,8,8.143345
7.2,8,8.144193
7.2,8,8.145028
7.2,8,8.145858
7.2,8,8.146695
7.2,8,8.147546
7.2,8,8.148371
7.2,8,8.149215
7.2,8,8.150038
7.2,8,8.150864
7.2,8,8.151694
7.2,8,8.152515
7.2,8,8.153334
7.2,8,8.154157
7.2,8,8.154972
7.2,8,8.155885
7.2,8,8.156824
7.2,8,8.157702
7.2,8,8.158559
7.2,8,8.159411
7.2,8,8.160254
7.2,8,8.161094
7.2,8,8.161929
7.2,8,8.162768
7.2,8,8.163608
7.2,8,8.164479
7.2,8,8.165351
7.2,8,8.166228
7.2,8,8.167117
7.2,8,8.167996
7.2,8,8.168824
7.2,8,8.169646
7.2,8,8.170473
7.2,8,8.171317
7.2,8,8.172138
7.2,8,8.173034
7.2,8,8.174464
7.2,8,8.17551
7.2,8,8.176388
7.2,8,8.177216
7.2,8,8.178032
7.2,8,8.178853
7.2,8,8.179656
7.2,8,8.18047
7.2,8,8.181273
7.2,8,8.182076
7.2,8,8.182876
7.2,8,8.18367
7.2,8,8.184465
7.2,8,8.185271
7.2,8,8.186062
7.2,8,8.186856
7.2,8,8.187653
7.2,8,8.188451
7.2,8,8.189278
7.2,8,8.190085
7.2,8,8.19099
7.2,8,8.191953
7.2,8,8.192824
7.2,8,8.193644
7.2,8,8.194457
7.2,8,8.195262
7.2,8,8.196063
7.2,8,8.19689
7.2,8,8.197704
7.2,8,8.198503
7.2,8,8.199306
7.2,8,8.200108
7.2,8,8.20091
7.2,8,8.201699
7.2,8,8.202494
7.2,8,8.20328
7.2,8,8.204074
7.2,8,8.204883
7.2,8,8.205703
7.2,8,8.206572
7.2,8,8.207389
7.2,8,8.208191
7.2,8,8.208993
7.2,8,8.209789
7.2,8,8.210582
7.2,8,8.211376
7.2,8,8.212172
7.2,8,8.212986
7.2,8,8.213789
7.2,8,8.214587
7.2,8,8.21538
7.2,8,8.216174
7.2,8,8.216973
7.2,8,8.217764
7.2,8,8.218558
7.2,8,8.219346
7.2,8,8.220136
7.2,8,8.220937
7.2,8,8.221724
7.2,8,8.222536
7.2,8,8.223325
7.2,8,8.224112
7.2,8,8.224909
7.2,8,8.225721
7.2,8,8.226527
7.2,8,8.22751
7.2,8,8.22834
7.2,8,8.229143
7.2,8,8.229939
7.2,8,8.230744
7.2,8,8.231545
7.2,8,8.232335
7.2,8,8.233131
7.2,8,8.233917
7.2,8,8.23471
7.2,8,8.235498
7.2,8,8.236308
7.2,8,8.237101
7.2,8,8.237889
7.2,8,8.238679
7.2,8,8.239551
7.2,8,8.240444
7.2,8,8.241339
7.2,8,8.242184
7.2,8,8.243026
7.2,8,8.243859
7.2,8,8.244718
7.2,8,8.245551
7.2,8,8.246383
7.2,8,8.247228
7.2,8,8.248056
7.2,8,8.248879
7.2,8,8.249702
7.2,8,8.25053
7.2,8,8.251357
7.2,8,8.252202
7.2,8,8.253034
7.2,8,8.253857
7.2,8,8.254688
7.2,8,8.255514
7.2,8,8.256365
7.2,8,8.257193
7.2,8,8.258016
7.2,8,8.258856
7.2,8,8.259681
7.2,8,8.260509
7.2,8,8.261333
7.2,8,8.262156
7.2,8,8.262978
7.2,8,8.263815
7.2,8,8.264642
7.2,8,8.26546
7.2,8,8.266287
7.2,8,8.267107
7.2,8,8.267929
7.2,8,8.268774
7.2,8,8.269596
7.2,8,8.270421
7.2,8,8.27125
7.2,8,8.272074
7.2,8,8.272907
7.2,8,8.273738
7.2,8,8.274564
7.2,8,8.275395
7.2,8,8.27622
7.2,8,8.277041
7.2,8,8.277866
7.2,8,8.278684
7.2,8,8.279503
7.2,8,8.280332
7.2,8,8.281148
7.2,8,8.281971
7.2,8,8.282795
7.2,8,8.283619
7.2,8,8.284439
7.2,8,8.285261
7.2,8,8.286093
7.2,8,8.28692
7.2,8,8.287744
7.2,8,8.288564
7.2,8,8.289426
7.2,8,8.290235
7.2,8,8.291037
7.2,8,8.291831
7.2,8,8.292642
7.2,8,8.293434
7.2,8,8.294226
7.2,8,8.295032
7.2,8,8.295822
7.2,8,8.296611
7.2,8,8.297406
7.2,8,8.298197
7.2,8,8.298985
7.2,8,8.299768
7.2,8,8.300561
7.2,8,8.301344
7.2,8,8.302131
7.2,8,8.302914
7.2,8,8.303704
7.2,8,8.304543
7.2,8,8.305341
7.2,8,8.30615
7.2,8,8.306944
7.2,8,8.307733
7.2,8,8.30852
7.2,8,8.309306
7.2,8,8.310095
7.2,8,8.310883
7.2,8,8.311667
7.2,8,8.312458
7.2,8,8.31324
7.2,8,8.31403
7.2,8,8.314815
7.2,8,8.315593
7.2,8,8.316399
7.2,8,8.317182
7.2,8,8.317964
7.2,8,8.318747
7.2,8,8.319534
7.2,8,8.320322
7.2,8,8.321109
7.2,8,8.321899
7.2,8,8.322839
7.2,8,8.323723
7.2,8,8.324581
7.2,8,8.325417
7.2,8,8.326245
7.2,8,8.32707
7.2,8,8.327888
7.2,8,8.328706
7.2,8,8.329521
7.2,8,8.330347
7.2,8,8.331162
7.2,8,8.332
7.2,8,8.332813
7.2,8,8.333625
7.2,8,8.334438
7.2,8,8.335249
7.2,8,8.336058
7.2,8,8.33687
7.2,8,8.337684
7.2,8,8.338492
7.2,8,8.339312
7.2,8,8.340137
7.2,8,8.340943
7.2,8,8.341756
7.2,8,8.34257
7.2,8,8.343372
7.2,8,8.344187
7.2,8,8.345003
7.2,8,8.345809
7.2,8,8.34661
7.2,8,8.347425
7.2,8,8.348229
7.2,8,8.349035
7.2,8,8.349847
7.2,8,8.350657
7.2,8,8.351463
7.2,8,8.35227
7.2,8,8.596963
7.2,8,8.597892
7.2,8,8.598726
7.2,8,8.599553
7.2,8,8.600371
7.2,8,8.601182
6.9,10,8.602198
7.2,8,8.602996
7.2,8,8.603793
7.2,8,8.604583
6.9,10,8.605571
6.9,10,8.60673
7.2,8,8.607551
6.9,10,8.608543
7.2,8,8.60933
6.9,10,8.610335
7.2,8,8.611115
7.2,8,8.611893
7.2,8,8.61267
6.6,12,8.613828
7.2,8,8.614602
7.2,8,8.615391
7.2,8,8.616173
7.2,8,8.616951
7.2,8,8.617722
7.2,8,8.618516
7.2,8,8.619288
7.2,8,8.620063
7.2,8,8.620833
7.2,8,8.621601
7.2,8,8.622386
7.2,8,8.623349
7.2,8,8.624225
7.2,8,8.625077
6.9,10,8.626133
7.2,8,8.626984
7.2,8,8.627819
7.2,8,8.628645
6.9,10,8.629679
6.9,10,8.630732
6.9,10,8.631759
7.2,8,8.632588
6.9,10,8.633612
7.2,8,8.634455
6.6,12,8.635682
6.7,10,8.636727
7.2,8,8.637554
6.9,10,8.638584
6.0,16,8.640333
6.6,12,8.64155
6.9,10,8.642564
7.2,8,8.643368
7.2,8,8.644158
6.9,10,8.645144
7.2,8,8.645937
7.2,8,8.646725
7.2,8,8.647528
7.2,8,8.648314
7.2,8,8.649103
7.2,8,8.649916
7.2,8,8.650701
7.2,8,8.651482
6.9,10,8.65246
7.2,8,8.653257
7.2,8,8.654061
7.2,8,8.654847
7.2,8,8.655636
7.2,8,8.656528
7.2,8,8.657334
7.2,8,8.658143
7.2,8,8.658923
7.2,8,8.659706
7.2,8,8.660496
7.2,8,8.661284
7.2,8,8.662054
7.2,8,8.662829
7.2,8,8.663604
7.2,8,8.664373
6.6,12,8.665547
7.2,8,8.666337
7.2,8,8.667118
7.2,8,8.667914
7.2,8,8.668686
7.2,8,8.669454
7.2,8,8.670227
7.2,8,8.670998
7.2,8,8.671766
7.2,8,8.672596
7.2,8,8.673407
7.2,8,8.674225
7.2,8,8.675018
7.2,8,8.675804
7.2,8,8.676589
7.2,8,8.677373
7.2,8,8.678155
7.2,8,8.678943
7.2,8,8.679721
7.2,8,8.680529
7.2,8,8.681313
6.9,10,8.682313
6.9,10,8.683294
7.2,8,8.684077
7.2,8,8.684866
7.2,8,8.685648
7.2,8,8.686432
6.9,10,8.687403
7.2,8,8.688188
7.2,8,8.688983
7.2,8,8.689802
7.2,8,8.690589
7.2,8,8.691377
7.2,8,8.692159
6.9,10,8.69313
7.2,8,8.693909
7.2,8,8.694688
7.2,8,8.695473
7.2,8,8.696253
7.2,8,8.69704
7.2,8,8.697857
7.2,8,8.698636
7.2,8,8.699416
7.2,8,8.700191
7.2,8,8.70097
6.9,10,8.701943
7.2,8,8.702727
7.2,8,8.703503
6.6,12,8.704669
7.2,8,8.705448
7.2,8,8.706381
7.2,8,8.707248
7.2,8,8.708329
7.2,8,8.709141
7.2,8,8.709935
7.2,8,8.710716
6.6,12,8.711873
6.6,12,8.71303
7.2,8,8.713815
7.2,8,8.714585
7.2,8,8.715362
7.2,8,8.716154
7.2,8,8.716922
7.2,8,8.717699
7.2,8,8.718477
7.2,8,8.719254
7.2,8,8.720026
7.2,8,8.720795
7.2,8,8.721576
7.2,8,8.722385
7.2,8,8.723239
7.2,8,8.724043
7.2,8,8.724835
7.2,8,8.725626
7.2,8,8.726415
6.9,10,8.727387
7.2,8,8.728168
6.6,12,8.729347
7.2,8,8.730133
7.2,8,8.730933
7.2,8,8.731707
7.2,8,8.732481
7.2,8,8.733266
7.2,8,8.734042
7.2,8,8.734825
7.2,8,8.735613
7.2,8,8.736398
7.2,8,8.737184
7.2,8,8.73798
7.2,8,8.738763
7.2,8,8.739662
6.9,10,8.7408
6.6,12,8.742078
7.2,8,8.742919
6.3,14,8.74436
7.2,8,8.745197
7.2,8,8.746038
7.2,8,8.746864
7.2,8,8.747686
6.9,10,8.748708
7.2,8,8.749553
7.2,8,8.750377
7.2,8,8.751197
7.2,8,8.75202
7.2,8,8.752847
7.2,8,8.75369
6.9,10,8.754709
7.2,8,8.755536
7.2,8,8.756407
7.2,8,8.757231
6.9,10,8.758251
7.2,8,8.759074
7.2,8,8.759904
7.2,8,8.760731
7.2,8,8.761577
7.2,8,8.762399
7.2,8,8.763218
6.9,10,8.764245
7.2,8,8.765064
7.2,8,8.765905
7.2,8,8.766725
7.2,8,8.767553
7.2,8,8.768381
7.2,8,8.769228
7.2,8,8.770053
7.2,8,8.770874
7.2,8,8.771698
6.9,10,8.772809
6.3,14,8.774248
6.9,10,8.775246
7.2,8,8.776039
7.2,8,8.776834
7.2,8,8.777647
6.9,10,8.778635
7.2,8,8.77943
7.2,8,8.780222
7.2,8,8.78103
7.2,8,8.781841
6.9,10,8.782827
6.9,10,8.783812
7.2,8,8.784603
7.2,8,8.785409
7.2,8,8.786202
6.9,10,8.787178
7.2,8,8.787966
6.9,10,8.788946
6.9,10,8.790055
6.9,10,8.79109
7.2,8,8.791924
7.2,8,8.79275
6.9,10,8.793795
7.2,8,8.794615
7.2,8,8.795436
7.2,8,8.796259
6.9,10,8.797298
6.9,10,8.798316
7.2,8,8.799131
7.2,8,8.799949
7.2,8,8.800769
7.2,8,8.8016
7.2,8,8.802423
7.2,8,8.803241
7.2,8,9.048359
7.2,8,9.049239
7.2,8,9.05006
7.2,8,9.050873
7.2,8,9.05168
7.2,8,9.052486
7.2,8,9.053287
7.2,8,9.054087
7.2,8,9.054884
7.2,8,9.055727
7.2,8,9.05665
7.2,8,9.057483
7.2,8,9.058294
7.2,8,9.059108
7.2,8,9.059917
7.2,8,9.060721
7.2,8,9.061529
7.2,8,9.06233
7.2,8,9.063131
7.2,8,9.063945
7.2,8,9.06476
7.2,8,9.065555
7.2,8,9.066355
7.2,8,9.067146
7.2,8,9.06794
7.2,8,9.068743
7.2,8,9.069539
7.2,8,9.070333
7.2,8,9.07113
7.2,8,9.071923
7.2,8,9.072784
7.2,8,9.073598
7.2,8,9.074404
7.2,8,9.075216
7.2,8,9.076014
7.2,8,9.076811
7.2,8,9.077605
7.2,8,9.078399
7.2,8,9.079191
7.2,8,9.079984
7.2,8,9.08077
7.2,8,9.081557
7.2,8,9.082345
7.2,8,9.083135
7.2,8,9.083929
7.2,8,9.084722
7.2,8,9.085517
7.2,8,9.086308
7.2,8,9.087097
7.2,8,9.08791
7.2,8,9.088705
7.2,8,9.08951
7.2,8,9.090302
7.2,8,9.091098
7.2,8,9.091891
7.2,8,9.092677
7.2,8,9.093458
7.2,8,9.094244
7.2,8,9.095027
7.2,8,9.095831
7.2,8,9.096615
7.2,8,9.097407
7.2,8,9.098198
7.2,8,9.098985
7.2,8,9.099798
7.2,8,9.100579
7.2,8,9.101365
7.2,8,9.102144
7.2,8,9.102924
7.2,8,9.103725
7.2,8,9.104511
7.2,8,9.105295
7.2,8,9.106104
7.2,8,9.106896
7.2,8,9.10768
7.2,8,9.108462
7.2,8,9.109246
7.2,8,9.110027
7.2,8,9.11081
7.2,8,9.111595
7.2,8,9.11238
7.2,8,9.11316
7.2,8,9.113955
7.2,8,9.114743
7.2,8,9.115524
7.2,8,9.116304
7.2,8,9.117082
7.2,8,9.117864
7.2,8,9.118645
7.2,8,9.119427
7.2,8,9.120207
7.2,8,9.120987
7.2,8,9.121769
7.2,8,9.122657
7.2,8,9.123546
7.2,8,9.124404
7.2,8,9.125253
7.2,8,9.126097
7.2,8,9.126936
7.2,8,9.127788
7.2,8,9.128626
7.2,8,9.129458
7.2,8,9.130296
7.2,8,9.13113
7.2,8,9.13196
7.2,8,9.13279
7.2,8,9.133624
7.2,8,9.134452
7.2,8,9.135272
7.2,8,9.1361
7.2,8,9.136931
7.2,8,9.13776
7.2,8,9.138586
7.2,8,9.139435
7.2,8,9.140262
7.2,8,9.141089
7.2,8,9.141913
7.2,8,9.142742
7.2,8,9.143573
7.2,8,9.144402
7.2,8,9.145226
7.2,8,9.146053
7.2,8,9.146879
7.2,8,9.147712
7.2,8,9.148535
7.2,8,9.149364
7.2,8,9.150191
7.2,8,9.151017
7.2,8,9.151845
7.2,8,9.152671
7.2,8,9.153492
7.2,8,9.154318
7.2,8,9.155145
7.2,8,9.156083
7.2,8,9.156929
7.2,8,9.157741
7.2,8,9.158548
7.2,8,9.159349
7.2,8,9.16015
7.2,8,9.160945
7.2,8,9.161739
7.2,8,9.162539
7.2,8,9.163331
7.2,8,9.164118
7.2,8,9.164908
7.2,8,9.165696
7.2,8,9.166491
7.2,8,9.167281
7.2,8,9.168068
7.2,8,9.168857
7.2,8,9.16964
7.2,8,9.170427
7.2,8,9.171212
7.2,8,9.172002
7.2,8,9.172805
7.2,8,9.173587
7.2,8,9.174374
7.2,8,9.175193
7.2,8,9.175994
7.2,8,9.176782
7.2,8,9.177563
7.2,8,9.178343
7.2,8,9.179129
7.2,8,9.179918
7.2,8,9.180705
7.2,8,9.18149
7.2,8,9.182276
7.2,8,9.183065
7.2,8,9.183885
7.2,8,9.184671
7.2,8,9.185457
7.2,8,9.186244
7.2,8,9.187028
6.9,10,9.188004
7.2,8,9.188797
7.2,8,9.189615
7.2,8,9.190399
7.2,8,9.191206
7.2,8,9.191996
7.2,8,9.192794
7.2,8,9.19358
7.2,8,9.194365
7.2,8,9.195148
7.2,8,9.195935
7.2,8,9.196725
7.2,8,9.197535
7.2,8,9.198325
7.2,8,9.19912
7.2,8,9.199914
7.2,8,9.200694
7.2,8,9.201484
7.2,8,9.20227
7.2,8,9.203053
7.2,8,9.203836
7.2,8,9.204619
7.2,8,9.205405
7.2,8,9.206227
7.2,8,9.207027
7.2,8,9.207811
7.2,8,9.208596
7.2,8,9.209378
7.2,8,9.210161
7.2,8,9.210948
7.2,8,9.211726
7.2,8,9.212513
7.2,8,9.213295
7.2,8,9.214084
7.2,8,9.214871
7.2,8,9.215657
7.2,8,9.216459
7.2,8,9.217243
7.2,8,9.218032
7.2,8,9.218818
7.2,8,9.219601
7.2,8,9.220384
7.2,8,9.221171
7.2,8,9.221955
7.2,8,9.222905
7.2,8,9.223757
7.2,8,9.224597
7.2,8,9.22543
7.2,8,9.22626
7.2,8,9.227085
7.2,8,9.227915
7.2,8,9.228744
7.2,8,9.229571
7.2,8,9.230404
7.2,8,9.231278
7.2,8,9.232112
7.2,8,9.232948
7.2,8,9.233773
7.2,8,9.234596
7.2,8,9.235423
7.2,8,9.236258
7.2,8,9.237079
7.2,8,9.2379
7.2,8,9.238749
7.2,8,9.239648
7.2,8,9.240481
7.2,8,9.24131
7.2,8,9.242141
7.2,8,9.242966
7.2,8,9.243795
7.2,8,9.244615
7.2,8,9.245434
7.2,8,9.246252
7.2,8,9.247099
7.2,8,9.247938
7.2,8,9.248767
7.2,8,9.249594
7.2,8,9.250419
7.2,8,9.251247
7.2,8,9.252078
7.2,8,9.252901
7.2,8,9.253727
7.2,8,9.254569
7.2,8,9.50161
7.2,8,9.502485
7.2,8,9.503305
7.2,8,9.504115
7.2,8,9.504917
7.2,8,9.505735
7.2,8,9.506571
7.2,8,9.507377
7.2,8,9.508175
7.2,8,9.508981
7.2,8,9.509793
7.2,8,9.510596
7.2,8,9.511386
7.2,8,9.512176
7.2,8,9.512973
7.2,8,9.513769
7.2,8,9.514561
7.2,8,9.515357
7.2,8,9.51616
7.2,8,9.516975
7.2,8,9.517764
7.2,8,9.518556
7.2,8,9.519343
7.2,8,9.520127
7.2,8,9.520918
7.2,8,9.521711
7.2,8,9.522632
7.2,8,9.523528
7.2,8,9.524387
7.2,8,9.525252
7.2,8,9.526094
7.2,8,9.526941
7.2,8,9.52778
7.2,8,9.528611
7.2,8,9.529442
7.2,8,9.530273
7.2,8,9.531121
7.2,8,9.531954
7.2,8,9.532792
7.2,8,9.533637
7.2,8,9.53446
7.2,8,9.535286
7.2,8,9.53611
7.2,8,9.536937
7.2,8,9.537764
7.2,8,9.538587
7.2,8,9.539462
7.2,8,9.540265
7.2,8,9.541073
7.2,8,9.541874
7.2,8,9.542667
7.2,8,9.543453
7.2,8,9.544245
7.2,8,9.545031
7.2,8,9.545813
7.2,8,9.546602
7.2,8,9.547408
7.2,8,9.548194
7.2,8,9.548991
7.2,8,9.549792
7.2,8,9.550592
7.2,8,9.551378
7.2,8,9.552168
7.2,8,9.552958
7.2,8,9.553746
7.2,8,9.554527
7.2,8,9.555313
7.2,8,9.556253
7.2,8,9.557101
7.2,8,9.557907
7.2,8,9.558706
7.2,8,9.559494
7.2,8,9.560273
7.2,8,9.561059
7.2,8,9.561841
7.2,8,9.562625
7.2,8,9.563405
7.2,8,9.564194
7.2,8,9.564976
7.2,8,9.565773
7.2,8,9.566558
7.2,8,9.567334
7.2,8,9.568111
7.2,8,9.568884
7.2,8,9.569657
7.2,8,9.570433
7.2,8,9.571208
7.2,8,9.571977
7.2,8,9.572921
7.2,8,9.573787
7.2,8,9.574615
7.2,8,9.575425
7.2,8,9.57623
7.2,8,9.577031
7.2,8,9.577832
7.2,8,9.578638
7.2,8,9.579435
7.2,8,9.580232
7.2,8,9.581051
7.2,8,9.581841
7.2,8,9.582637
7.2,8,9.583427
7.2,8,9.584219
7.2,8,9.585008
7.2,8,9.585813
7.2,8,9.586604
7.2,8,9.587401
7.2,8,9.588193
7.2,8,9.589018
7.2,8,9.589842
7.2,8,9.59063
7.2,8,9.591416
7.2,8,9.592205
7.2,8,9.59299
7.2,8,9.593775
7.2,8,9.594559
7.2,8,9.595349
7.2,8,9.596136
7.2,8,9.596949
7.2,8,9.59775
7.2,8,9.598536
7.2,8,9.599326
7.2,8,9.600113
7.2,8,9.600904
7.2,8,9.601694
7.2,8,9.602479
7.2,8,9.603265
7.2,8,9.604059
7.2,8,9.604863
7.2,8,9.605678
7.2,8,9.606576
7.2,8,9.607385
7.2,8,9.608184
7.2,8,9.608981
7.2,8,9.60977
7.2,8,9.61056
7.2,8,9.611351
7.2,8,9.612149
7.2,8,9.612952
7.2,8,9.613741
7.2,8,9.614527
7.2,8,9.615332
7.2,8,9.61612
7.2,8,9.616905
7.2,8,9.61769
7.2,8,9.618473
7.2,8,9.619261
7.2,8,9.620052
7.2,8,9.620857
7.2,8,9.621643
7.2,8,9.622453
7.2,8,9.62324
7.2,8,9.624028
7.2,8,9.624816
7.2,8,9.625602
7.2,8,9.62639
7.2,8,9.627178
7.2,8,9.627968
7.2,8,9.628775
7.2,8,9.62956
7.2,8,9.630357
7.2,8,9.631159
7.2,8,9.631947
7.2,8,9.632734
7.2,8,9.633523
7.2,8,9.634312
7.2,8,9.635099
7.2,8,9.6359
7.2,8,9.636702
7.2,8,9.637491
7.2,8,9.638279
7.2,8,9.639117
7.2,8,9.639989
7.2,8,9.640829
7.2,8,9.641666
7.2,8,9.6425
7.2,8,9.643337
7.2,8,9.644177
7.2,8,9.645012
7.2,8,9.645834
7.2,8,9.646664
7.2,8,9.647515
7.2,8,9.648344
7.2,8,9.649174
7.2,8,9.650004
7.2,8,9.650831
7.2,8,9.651656
7.2,8,9.652497
7.2,8,9.653324
7.2,8,9.654149
7.2,8,9.65497
7.2,8,9.655839
7.2,8,9.656699
7.2,8,9.657506
7.2,8,9.658307
7.2,8,9.6591
7.2,8,9.659903
7.2,8,9.66071
7.2,8,9.661503
7.2,8,9.662296
7.2,8,9.663081
7.2,8,9.663872
7.2,8,9.664664
7.2,8,9.665471
7.2,8,9.66628
7.2,8,9.667065
7.2,8,9.667851
7.2,8,9.668632
7.2,8,9.669413
7.2,8,9.670203
7.2,8,9.670989
7.2,8,9.671782
7.2,8,9.672637
7.2,8,9.673448
7.2,8,9.674248
7.2,8,9.675042
7.2,8,9.675835
7.2,8,9.676644
7.2,8,9.677435
7.2,8,9.67822
7.2,8,9.67901
7.2,8,9.679798
7.2,8,9.680608
7.2,8,9.681398
7.2,8,9.682189
7.2,8,9.682986
7.2,8,9.683785
7.2,8,9.684588
7.2,8,9.685378
7.2,8,9.68617
7.2,8,9.686958
7.2,8,9.687741
7.2,8,9.688526
7.2,8,9.689355
7.2,8,9.690139
7.2,8,9.690925
7.2,8,9.691712
7.2,8,9.69251
7.2,8,9.693297
7.2,8,9.69408
7.2,8,9.694861
7.2,8,9.695649
7.2,8,9.696434
7.2,8,9.69724
7.2,8,9.69803
7.2,8,9.698815
7.2,8,9.699608
7.2,8,9.700419
7.2,8,9.701201
7.2,8,9.701988
7.2,8,9.702769
7.2,8,9.703568
7.2,8,9.704355
7.2,8,9.705132
7.2,8,9.70605
7.2,8,9.706872
-24.8,100,9.960781
-25.0,100,9.970609
-26.6,100,9.980319
-24.8,100,9.990131
-24.6,100,9.999963
-25.4,100,10.009741
-25.4,100,10.019516
-24.8,100,10.029288
-25.2,100,10.038975
-26.0,100,10.048604
-26.2,100,10.05825
-25.0,100,10.067859
-25.4,100,10.077617
-25.4,100,10.087729
-25.4,100,10.09813
-25.8,100,10.10821
-7.9,70,10.115521
-25.0,100,10.125534
-25.4,100,10.135197
-26.0,100,10.14484
-26.2,100,10.39926
-24.6,100,10.40934
-24.0,100,10.419041
-23.8,100,10.428667
-23.4,100,10.438257
-2.5,50,10.443132
-10.9,94,10.452024
-24.4,100,10.461443
-24.8,100,10.471073
-23.4,100,10.481435
-24.2,100,10.491506
0.9,34,10.494986
-24.8,100,10.505021
-5.6,68,10.511942
-23.4,100,10.521931
-23.4,100,10.531746
3.9,22,10.533968
-25.0,100,10.543961
-24.2,100,10.553795
-9.9,86,10.562244
-24.4,100,10.571826
-24.2,100,10.581593
-25.2,100,10.591323
-23.4,100,10.845477
-23.8,100,10.855289
-23.0,100,10.865484
-22.6,100,10.875776
-24.0,100,10.886056
-23.6,100,10.896154
-23.6,100,10.906225
-3.5,58,10.912103
-24.4,100,10.921973
7.2,8,10.922937
-4.7,62,10.929262
-22.6,100,10.939296
-24.2,100,10.949357
-23.4,100,10.959394
-23.2,100,10.969382
4.3,22,10.971628
-23.2,100,10.981612
-23.2,100,10.991598
-24.2,100,11.001582
7.2,8,11.002447
-21.8,100,11.012565
5.8,16,11.014238
-3.4,60,11.020223
-5.7,70,11.027197
-23.4,100,11.036922
-23.0,100,11.046929
